interaction_id,interaction_date,process_date,customer_id,agent_id,interaction_type,channel,contact_reason,reason_category,duration_seconds,wait_time_seconds,was_resolved,requires_followup,detected_sentiment,sentiment_score,customer_detected_accent,agent_used_accent,was_escalated,mentioned_products,has_transcript,has_recording
INT-4DLIHOEJNQ5L680B,2025-03-15 19:00:54,2025-03-15,CLI-XM0S279XKB2D,AGT-ZG4P6VMP0M,Inbound Call,Phone,Técnico,Técnico,184.0,149.0,True,False,Neutral,-0.22,mexican,mexican,False,,True,True
INT-1H03GJPC6MMK79A6,2025-03-16 07:02:04,2025-03-15,CLI-1NPM1EUEPIP0,AGT-KFVMJV5MAS,Inbound Call,Phone,Producto,Producto,283.0,143.0,True,True,Negativo,-0.59,mexican,mexican,True,,False,True
INT-N7N7411AHKW4O6XQ,2025-03-16 05:47:31,2025-03-15,CLI-9E88E0K87815,AGT-QV4LVAPTDM,Inbound Call,Phone,Queja,Queja,457.0,42.0,False,True,Neutral,-0.29,mexican,mexican,False,,True,True
INT-BELS08XUKZIY7DB7,2025-03-15 22:22:51,2025-03-15,CLI-2GW57YUXS2R9,AGT-ZG4P6VMP0M,Inbound Call,Phone,Producto,Producto,140.0,152.0,True,False,Neutral,-0.06,colombian,colombian,False,"PRD-IKN2C6ZZFVUN,PRD-H4ENHEP47Z4Q,PRD-B2B0BRCBDYNU",True,True
INT-MVRIQ3M52EIQG5ZW,2025-03-16 03:00:05,2025-03-15,CLI-904AEQ1ASHMB,AGT-EYD17D0BT6,Inbound Call,Phone,Queja,Queja,398.0,44.0,True,True,Muy Positivo,0.98,colombian,colombian,False,PRD-DZ7HXZ8G6HVF,False,True
INT-488J91CSD24VYFRS,2025-03-15 20:14:55,2025-03-15,CLI-WJ6HFLU7PQEW,AGT-9G892RO3CJ,Chat,App,Queja,Queja,,,False,True,Neutral,-0.0,colombian,colombian,False,,False,False
INT-YQWPM9CO0IW28DY3,2025-03-16 02:30:09,2025-03-15,CLI-B1D2AUC5EQ7Q,AGT-9OW6RQX6YE,Inbound Call,Phone,Técnico,Técnico,379.0,62.0,True,False,Negativo,-0.4,colombian,mexican,False,"PRD-CYSKMJV4QG8Z,PRD-LZ6KXL3VZICX",False,True
INT-2J8DPHIY01CTZSQ8,2025-03-15 08:08:03,2025-03-15,CLI-4W3I3CQ3LODT,AGT-5DZNKOUR81,Email,Email,Queja,Queja,,,True,False,Neutral,0.14,mexican,mexican,False,,False,False
INT-FOVKX14WGTHQ1339,2025-03-15 23:49:00,2025-03-15,CLI-D80SP0D3JF9D,AGT-FK6MI05PO5,Inbound Call,Phone,Transaccional,Transaccional,506.0,205.0,True,False,Neutral,0.05,,,False,,True,True
INT-CYXBYOISBQITJ264,2025-03-15 17:00:26,2025-03-15,CLI-WI9D1PW3TTCL,AGT-YDBZL5HKAZ,Inbound Call,Phone,Transaccional,Transaccional,182.0,184.0,True,False,Neutral,-0.13,,,False,,True,True
INT-2OZ695VUJS3JPIZH,2025-03-16 01:04:06,2025-03-15,CLI-WAXM0EYL7X43,AGT-DELTRDO2X7,Chat,App,Producto,Producto,,,True,False,Neutral,-0.17,argentine,mexican,False,PRD-G4N7RWPXI89U,False,False
INT-COT6UT9W9QEGN4QB,2025-03-15 12:48:52,2025-03-15,CLI-GLYLRU79MOZR,AGT-DF77TQ66S1,Inbound Call,Phone,Comercial,Comercial,733.0,156.0,True,True,Negativo,-0.31,mexican,mexican,False,,False,True
INT-HH5AMQQSC26Q3PVM,2025-03-16 07:00:44,2025-03-15,CLI-H1B228YYCGM6,AGT-RVAZ2ERIA8,Inbound Call,Phone,Transaccional,Transaccional,143.0,138.0,True,False,Neutral,0.03,colombian,colombian,False,"PRD-TZAR5IN2WTUX,PRD-HWRAQAHYG822",False,True
INT-GRK493HC0U7E3D4V,2025-03-15 17:02:55,2025-03-15,CLI-TQCIRU37J5XR,AGT-5RHY2PG248,Outbound Call,Phone,Producto,Producto,419.0,,True,False,Neutral,0.22,,,False,PRD-AO0YA9ZTT1K1,True,True
INT-KAPDM2LYNA065EEX,2025-03-15 09:24:35,2025-03-15,CLI-HBSTDZZ21RVT,AGT-LH85KLPB5O,Inbound Call,Phone,Transaccional,Transaccional,416.0,119.0,True,False,Neutral,0.16,colombian,argentine,False,"PRD-GFPEB41EZY5I,PRD-3EH4WZDXT0HX,PRD-OQXBIT31C7ZQ",False,True
INT-5Z81B0P1BR1CV09A,2025-03-15 13:00:48,2025-03-15,CLI-R59AK1RO7GR2,AGT-0ZKRYC3TIP,Inbound Call,Phone,Producto,Producto,333.0,89.0,True,True,Negativo,-0.54,,,False,,True,True
INT-QGU7W7FT1W7C7CYL,2025-03-16 01:06:51,2025-03-15,CLI-EB10UTVQ4TG5,AGT-V3V3K8X0W2,Chat,App,Comercial,Comercial,,,True,True,Neutral,-0.28,mexican,mexican,True,,True,False
INT-31JKB5HYPJTEGW5A,2025-03-15 19:53:37,2025-03-15,CLI-PKHWMUQRXKJR,AGT-HXRF7GKPTC,Inbound Call,Phone,Técnico,Técnico,445.0,205.0,True,True,Negativo,-0.58,mexican,argentine,False,PRD-EBAEEH1WHPU6,False,True
INT-TWA60JRX85IIBPFN,2025-03-15 08:51:01,2025-03-15,CLI-CC77X7KTU79J,AGT-027UBQ07RA,Inbound Call,Phone,Queja,Queja,478.0,64.0,True,False,Neutral,-0.25,mexican,mexican,False,"PRD-NTJ6XSPHIOCG,PRD-C5JUREIPXJYA",False,True
INT-BJ65SU3QDMWM54UL,2025-03-15 23:24:17,2025-03-15,CLI-XCI3ZHV61QNG,AGT-ZRQW0ATSEE,Inbound Call,Phone,Queja,Queja,347.0,96.0,True,False,Negativo,-0.39,mexican,mexican,False,,False,True
INT-998NCG32FW0DCHM4,2025-03-16 06:44:51,2025-03-15,CLI-4UNDWPC20DQT,AGT-0Q4Z4AE9P2,Inbound Call,Phone,Queja,Queja,461.0,81.0,True,True,Neutral,0.14,argentine,argentine,False,,True,True
INT-CEW3ZJCHEL2Z8Q8N,2025-03-15 12:47:51,2025-03-15,CLI-N2TE8OLQPY7G,AGT-KQP4TBDPA5,Inbound Call,Phone,Transaccional,Transaccional,279.0,122.0,False,True,Neutral,-0.3,mexican,mexican,False,"PRD-7M4J88KZ2C0E,PRD-530GVUC2RSTF",False,True
INT-O1HFI0C00IT78S2W,2025-03-15 09:30:38,2025-03-15,CLI-H1X4ZLGM3PWV,AGT-36I8H8V3IO,Inbound Call,Phone,Producto,Producto,187.0,114.0,True,False,Neutral,-0.1,,,True,PRD-3B1QPVC517Y3,True,True
INT-Z7ZNTQUV30B3XAJX,2025-03-15 15:59:57,2025-03-15,CLI-V3OMJY0A4KAI,AGT-MZOYQF5IHG,Outbound Call,Phone,Transaccional,Transaccional,169.0,,True,False,Neutral,0.23,mexican,mexican,False,"PRD-TVLISRG8PM95,PRD-DJLMI8YKQ5UH",True,True
INT-YY3SAFHUY74O16P2,2025-03-16 01:40:05,2025-03-15,CLI-4NZ30H8H8FR9,AGT-Z32DMC1N4A,Inbound Call,Phone,Transaccional,Transaccional,246.0,152.0,True,False,Neutral,-0.25,mexican,mexican,False,"PRD-ISHQ9YCONNX0,PRD-1TN9BMCWTM6N",False,True
INT-VA76II5T29MPXMG9,2025-03-15 13:30:01,2025-03-15,CLI-OJMF8KGFQPKF,AGT-JI4AFYODD7,Inbound Call,Phone,Transaccional,Transaccional,236.0,159.0,True,False,Neutral,-0.13,colombian,colombian,False,"PRD-RH9KSCVD84FN,PRD-RKOZ7BSPKTUV,PRD-07L8CF1JB34X",False,True
INT-BJ2DZWC0BJJXFNZ4,2025-03-16 00:42:55,2025-03-15,CLI-0KWXK0YWDAQH,AGT-BTMN3HB2CB,Video,App,Comercial,Comercial,516.0,,True,False,Neutral,-0.23,argentine,argentine,False,,False,True
INT-1EYHBA7V7NFMD59D,2025-03-15 19:23:34,2025-03-15,CLI-EUAU8T8FVJOW,AGT-HHZLM4XXDJ,Inbound Call,Phone,Técnico,Técnico,407.0,99.0,False,True,Neutral,-0.22,argentine,argentine,False,,True,True
INT-08PCEUPHBPI2LDG5,2025-03-16 03:58:16,2025-03-15,CLI-RHHEVJLTDFGM,AGT-838PIT9Q4L,Outbound Call,Phone,Transaccional,Transaccional,556.0,,True,False,Neutral,-0.07,colombian,colombian,False,"PRD-RRPSZPH6N038,PRD-7NG69IYMFY4D",False,True
INT-UGN9SAXDOJEE1XER,2025-03-15 20:50:14,2025-03-15,CLI-MS2FO9GAGQIQ,AGT-ZVJM1G7IC2,Outbound Call,Phone,Transaccional,Transaccional,228.0,,True,False,Neutral,-0.06,colombian,colombian,False,,False,True
INT-BQQ8VTOC76YS4WFX,2025-03-15 23:10:42,2025-03-15,CLI-R6D3BCMPHRCT,AGT-J65U3Y7UPF,Outbound Call,Phone,Producto,Producto,252.0,,False,True,Neutral,-0.28,colombian,mexican,False,,False,True
INT-PG2GK0GTU5HS00D8,2025-03-16 05:23:54,2025-03-15,CLI-1CGA4M6GNH9V,AGT-Z77UHM1UV3,Inbound Call,Phone,Queja,Queja,411.0,127.0,False,True,Neutral,0.09,colombian,colombian,False,"PRD-5MI0NABXWW6S,PRD-TOMCEK7KSFRU",False,True
INT-MTAGJY72HXXLAJAG,2025-03-15 09:10:42,2025-03-15,CLI-K1NZKT7JMCQU,AGT-RUOSBHQ9OT,Inbound Call,Phone,Transaccional,Transaccional,66.0,60.0,True,False,Neutral,-0.14,colombian,colombian,False,"PRD-SIBJIGJRDPYX,PRD-3HHLM6QN4ON0,PRD-RZBHGDCBF5PN",False,True
INT-Z4CGSCZRV5IF7STQ,2025-03-16 07:00:26,2025-03-15,CLI-8FBV32KS8MYG,AGT-3VX5GJAF2I,Email,Email,Queja,Queja,,,True,False,Negativo,-0.31,,,False,,False,False
INT-DTM61YQDOCRVETYD,2025-03-16 05:23:08,2025-03-15,CLI-SOCUPIJWJEXM,AGT-RRHWC3C1WE,Outbound Call,Phone,Producto,Producto,450.0,,True,True,Neutral,0.08,argentine,argentine,False,"PRD-SBYA7D13DJDI,PRD-42TY7ZHAUPYM,PRD-6ZZ7OJS7QGZW",True,True
INT-2AM58K81GBBT5GRX,2025-03-15 10:55:12,2025-03-15,CLI-6HHK3S9TTYRW,AGT-DBGB5MKK8K,Email,Email,Producto,Producto,,,True,False,Neutral,-0.14,colombian,colombian,False,,False,False
INT-KFWBUSPHGYNGMAEK,2025-03-15 15:08:36,2025-03-15,CLI-J781AVCQ94E7,AGT-KFKEME1XFX,Inbound Call,Phone,Técnico,Técnico,325.0,142.0,False,True,Neutral,-0.18,mexican,mexican,False,,True,True
INT-R71FXT02GA5NYYWR,2025-03-15 10:30:13,2025-03-15,CLI-UGRGHIJOB9E1,AGT-DD88NRIADN,Inbound Call,Phone,Comercial,Comercial,562.0,45.0,False,True,Positivo,0.5,argentine,argentine,False,"PRD-7L27V4DJ7CD1,PRD-INH3JHQ1ZAJM,PRD-02WT1BAV2IC0",True,True
INT-S85LRR1L6OC2W62G,2025-03-15 12:07:47,2025-03-15,CLI-D17WSZ5ZIRGN,AGT-KU17P6Y4EJ,Inbound Call,Phone,Técnico,Técnico,382.0,149.0,False,True,Positivo,0.61,,,False,,False,True
INT-HQHR9H2MHZG0CE3Y,2025-03-16 00:21:44,2025-03-15,CLI-PY6GABDZZFF2,AGT-OJ9N4FGYV9,Email,Email,Técnico,Técnico,,,True,False,Negativo,-0.66,argentine,argentine,False,"PRD-XHF61QEE9XA5,PRD-LMLQ0UJO0DDM",True,False
INT-B5232NAXYF7DPE7Z,2025-03-15 23:05:05,2025-03-15,CLI-6ZGK6I6J9XGS,AGT-Z8JR0B77VI,Inbound Call,Phone,Técnico,Técnico,269.0,110.0,True,False,Neutral,0.3,mexican,mexican,False,"PRD-05313A59T1ZI,PRD-E7V1B7GMMP3M",True,True
INT-GAX4MLTV7JAIG6SW,2025-03-15 23:59:55,2025-03-15,CLI-1B6A1GJX3CFP,AGT-PKWCHKMDDW,Inbound Call,Phone,Técnico,Técnico,405.0,182.0,True,False,Neutral,0.08,mexican,mexican,False,,True,True
INT-A4H8GQE4HFHBN8L6,2025-03-15 08:16:43,2025-03-15,CLI-SBJLTMQZJ1KM,AGT-YZRQJS5X0J,Chat,Web Chat,Producto,Producto,,,True,False,Positivo,0.55,mexican,mexican,False,,False,False
INT-PHPMI0B8YEP3T9KT,2025-03-15 11:24:49,2025-03-15,CLI-T8LTWH7CE7YA,AGT-ERBZDOFKYX,Inbound Call,Phone,Queja,Queja,543.0,105.0,False,True,Neutral,0.09,mexican,mexican,True,,False,True
INT-6S40TLBY19V7CTI0,2025-03-15 20:38:13,2025-03-15,CLI-FY60WOEGWXOU,AGT-XX6WSQ2E5P,Inbound Call,Phone,Comercial,Comercial,583.0,95.0,True,True,Neutral,0.18,mexican,mexican,False,"PRD-C5ASEFV9GBMO,PRD-I7NF0M9OGBO7,PRD-4Z2C2UUHEB58",True,True
INT-LRFNWHP6VA514E9E,2025-03-15 20:18:24,2025-03-15,CLI-CTFYX2FVFE3J,AGT-SJB0SX5YBM,Inbound Call,Phone,Producto,Producto,242.0,88.0,True,False,Positivo,0.53,,,True,,False,True
INT-U477KUKY9QUX1Y13,2025-03-16 04:30:27,2025-03-15,CLI-JMN4ZUHSTR1W,AGT-XODIBGCD8U,Email,Email,Transaccional,Transaccional,,,True,False,Neutral,0.06,,,False,,False,False
INT-0SF4FUIT4JKC9X2A,2025-03-16 04:32:58,2025-03-15,CLI-XPQMD4HJNWTO,AGT-R8G56XJJDR,Chat,Web Chat,Comercial,Comercial,,,True,False,Muy Negativo,-0.75,,,False,,False,False
INT-AZXIE9741WK69GIU,2025-03-16 04:26:33,2025-03-15,CLI-PHJF37W9X9AQ,AGT-ZXNEUYV3UL,Outbound Call,Phone,Transaccional,Transaccional,70.0,,True,False,Neutral,0.12,,,False,PRD-IKXVCE4NFDPT,True,True
INT-2GFV1DWYQQOEZSCX,2025-03-15 19:52:44,2025-03-15,CLI-QGG61X7YZ7Z3,AGT-V3V3K8X0W2,Inbound Call,Phone,Técnico,Técnico,285.0,60.0,True,False,Negativo,-0.56,argentine,argentine,True,"PRD-EFAF8YZH2IYY,PRD-5P5A8N1BCQI3",False,True
INT-ST1T72BMY1MMPZ5D,2025-03-16 06:43:26,2025-03-15,CLI-GC7M6SDU8QHM,AGT-4WZQ2M1A4U,Outbound Call,Phone,Producto,Producto,241.0,,True,False,Muy Negativo,-0.71,mexican,mexican,True,,False,True
INT-KUDG0O46CXOREV0H,2025-03-16 04:33:13,2025-03-15,CLI-3AURG4HCYVC2,AGT-EDV4G21PUV,Inbound Call,Phone,Queja,Queja,246.0,116.0,False,True,Positivo,0.34,colombian,colombian,False,,True,True
INT-GZCHTGOCEUIQAH9Q,2025-03-15 21:10:25,2025-03-15,CLI-3NEV0R1OAU7X,AGT-POEX2CJEPP,Inbound Call,Phone,Queja,Queja,465.0,86.0,True,False,Negativo,-0.41,colombian,colombian,False,,True,True
INT-U89AXQ14V0UG9177,2025-03-15 18:16:37,2025-03-15,CLI-JWD8Q3PWD1Q2,AGT-LTK3BMH5BL,Inbound Call,Phone,Producto,Producto,243.0,171.0,True,False,Neutral,-0.15,,,True,,False,True
INT-Z2X7EX17O18U4M6L,2025-03-15 22:05:38,2025-03-15,CLI-LCW0ITW125KK,AGT-04JD8RS9U4,Chat,WhatsApp,Producto,Producto,,,True,False,Muy Negativo,-0.98,,,False,"PRD-DYHWY1Q9EGFL,PRD-Z56O7D3RVCMM,PRD-MAKRFJ4QG59S",False,False
INT-ET8PXZV631ZLCMD3,2025-03-15 21:41:40,2025-03-15,CLI-RZF0YF9XAMWN,AGT-RM928J5EOG,Outbound Call,Phone,Técnico,Técnico,306.0,,False,True,Neutral,-0.12,,,True,,False,True
INT-2U7UTAHOB9WQA89P,2025-03-15 08:58:47,2025-03-15,CLI-XOHSZ7E8RJBV,AGT-INOBA0VR4Q,Inbound Call,Phone,Transaccional,Transaccional,133.0,175.0,True,False,Neutral,-0.3,,,False,"PRD-OBDBQ7BTAHDA,PRD-JFENBTJA1B9C",False,True
INT-4N5593DWKI0R2Z78,2025-03-16 04:51:27,2025-03-15,CLI-N5C6LFF9OYGR,AGT-IGZY99W908,Inbound Call,Phone,Producto,Producto,347.0,161.0,False,True,Neutral,-0.22,,,False,,False,True
INT-VGAIT09VV0BNPPBD,2025-03-15 12:42:26,2025-03-15,CLI-C9LSZ36NFWWN,AGT-9C6BRHB25D,Inbound Call,Phone,Producto,Producto,256.0,92.0,True,False,Neutral,-0.23,,,False,PRD-5JO60NQQEDUO,False,True
INT-4WMIIG80AFCOJ5NF,2025-03-15 21:32:07,2025-03-15,CLI-D4AJ1QTL8AXQ,AGT-C8D3C4WFVG,Email,Email,Transaccional,Transaccional,,,True,True,Neutral,-0.07,mexican,mexican,False,,False,False
INT-GYMH9A284Y5G5J85,2025-03-15 11:34:45,2025-03-15,CLI-SRZLAYV4BYB7,AGT-MZEQR4UPDP,Outbound Call,Phone,Técnico,Técnico,353.0,,True,False,Neutral,-0.11,,,False,PRD-MZ8RYS6UB213,False,True
INT-773ND6NZTP3S9Q77,2025-03-16 06:13:25,2025-03-15,CLI-RR74I4310E1I,AGT-QZGRW0TABQ,Inbound Call,Phone,Técnico,Técnico,349.0,82.0,True,False,Positivo,0.61,mexican,mexican,False,,False,True
INT-VPDY458AGW57JXRC,2025-03-15 12:16:19,2025-03-15,CLI-VGYKKV5R8X01,AGT-QO0HKV2FTI,Inbound Call,Phone,Técnico,Técnico,324.0,234.0,True,False,Muy Positivo,0.79,mexican,mexican,False,,False,True
INT-0U5E9P5VKV2PP162,2025-03-15 22:07:23,2025-03-15,CLI-4LNW7XSDTW3H,AGT-X3WLDNDFIL,Inbound Call,Phone,Técnico,Técnico,309.0,240.0,False,True,Negativo,-0.46,argentine,argentine,False,"PRD-KZ3WECF3AGB7,PRD-N5KVB67R6SJH",False,True
INT-LYHESHBL4DPNSJ41,2025-03-16 05:48:50,2025-03-15,CLI-IXOWATDZ61P9,AGT-8NE8GSGUG4,Inbound Call,Phone,Transaccional,Transaccional,298.0,18.0,True,False,Neutral,0.29,colombian,colombian,False,PRD-C3G8R8L7CLI5,False,True
INT-1WL8O2R49WSNM4QF,2025-03-15 11:58:38,2025-03-15,CLI-TFB7ZHCOOKQU,AGT-4ZD726MTT0,Inbound Call,Phone,Transaccional,Transaccional,292.0,12.0,True,False,Neutral,0.17,,,False,PRD-7F7CSYS6XJQJ,True,True
INT-MMHFRRJXN9NXTT79,2025-03-15 11:54:20,2025-03-15,CLI-AZG186OFDN7V,AGT-XLUD39CV67,Inbound Call,Phone,Transaccional,Transaccional,198.0,54.0,True,False,Neutral,-0.17,mexican,mexican,False,,False,True
INT-D0I5JDWO8RWOFHRB,2025-03-15 08:00:58,2025-03-15,CLI-3BYV2XHT3JJR,AGT-BEAXRRXLFP,Inbound Call,Phone,Técnico,Técnico,337.0,109.0,True,False,Positivo,0.63,colombian,argentine,False,PRD-X33E1H7E9R0W,False,True
INT-D18FKH70C53YGZSH,2025-03-15 20:04:51,2025-03-15,CLI-PPRTGNONGUSY,AGT-0SFUB4MUFS,Inbound Call,Phone,Producto,Producto,328.0,106.0,True,False,Muy Negativo,-0.97,mexican,colombian,False,,False,True
INT-YJ9DNSPG8UC71ADE,2025-03-15 15:26:13,2025-03-15,CLI-D123C0X9IV8Z,AGT-UU8LD3H21R,Inbound Call,Phone,Queja,Queja,395.0,129.0,False,True,Negativo,-0.33,mexican,mexican,False,,False,True
INT-IS537897664URG8G,2025-03-16 07:47:57,2025-03-15,CLI-GLN8F8ZQD5EC,AGT-JMA3MRKNWE,Chat,App,Queja,Queja,,,False,True,Positivo,0.41,,,False,,False,False
INT-1SYFRAM6D59MYKAU,2025-03-15 13:54:44,2025-03-15,CLI-63E5UUCGTW2P,AGT-Y8O10JEBE3,Inbound Call,Phone,Transaccional,Transaccional,278.0,143.0,True,False,Neutral,0.25,colombian,colombian,False,,False,True
INT-OI5NDGDONOP5M0B4,2025-03-15 22:34:53,2025-03-15,CLI-K5DZO9EJFQ9K,AGT-KJJSUXEQ6N,Inbound Call,Phone,Producto,Producto,224.0,37.0,True,False,Muy Positivo,0.88,mexican,mexican,False,,True,True
INT-ZEI070FIFLRCRFV2,2025-03-16 01:34:40,2025-03-15,CLI-9VV93WT7J3QU,AGT-L9LMIGUHNZ,Inbound Call,Phone,Queja,Queja,153.0,131.0,False,True,Neutral,0.2,mexican,mexican,False,,True,True
INT-QAAKKVQ5OIG8YOFN,2025-03-16 04:11:13,2025-03-15,CLI-RHJ644CB4SUG,AGT-VM8IH2LFKP,Inbound Call,Phone,Transaccional,Transaccional,285.0,131.0,True,False,Neutral,0.23,,,False,,True,True
INT-LL5BT2XL17179A0K,2025-03-15 20:18:29,2025-03-15,CLI-3FR41BD7UDBZ,AGT-5JI29B48WM,Inbound Call,Phone,Transaccional,Transaccional,238.0,157.0,True,False,Neutral,0.07,,,True,,False,True
INT-B5Q96SFUDVA7OMOZ,2025-03-15 09:17:37,2025-03-15,CLI-12HBFIVGE5JA,AGT-VPRRBWIF1D,Chat,Web Chat,Queja,Queja,,,True,False,Neutral,0.2,colombian,mexican,False,"PRD-Z9JBXQ6WYYGM,PRD-A7YVOR9JPT0I",False,False
INT-ABCSKW95T87VEL8P,2025-03-15 18:08:10,2025-03-15,CLI-BQ190Q3EFE22,AGT-6OQPU4LB3G,Email,Email,Producto,Producto,,,True,False,Negativo,-0.57,,,True,,False,False
INT-R2WRXDDOO6AQJJ9K,2025-03-16 07:59:18,2025-03-15,CLI-5OVWGH8CN397,AGT-VF04ZPV9BW,Inbound Call,Phone,Comercial,Comercial,663.0,171.0,True,True,Muy Negativo,-0.74,mexican,mexican,False,,True,True
INT-CAULBMGQ8I8DNN5G,2025-03-15 22:11:18,2025-03-15,CLI-VHKZPOW2TB76,AGT-ZLA03QJGS8,Outbound Call,Phone,Transaccional,Transaccional,123.0,,True,False,Neutral,0.18,mexican,mexican,False,,False,True
INT-M4T0OPZ098S44T7P,2025-03-15 10:53:59,2025-03-15,CLI-P5WF7J7PLVY1,AGT-HSNO92AITC,Outbound Call,Phone,Producto,Producto,331.0,,True,False,Neutral,-0.3,mexican,argentine,False,"PRD-SDNEGC14AH87,PRD-KSAPBL6RA01N",False,True
INT-VH3GDHZW9DNTB72C,2025-03-15 14:50:38,2025-03-15,CLI-VG3XH27NUBRD,AGT-KJ8EIV7HG0,Outbound Call,Phone,Comercial,Comercial,533.0,,False,True,Muy Positivo,0.85,colombian,colombian,True,,False,True
INT-G66TO7E0XFQA8JE1,2025-03-16 07:38:54,2025-03-15,CLI-RDRMYP79NLVS,AGT-DBGB5MKK8K,Inbound Call,Phone,Producto,Producto,188.0,144.0,False,True,Neutral,-0.21,mexican,mexican,False,,True,True
INT-1BKBNXSF3NY7F2WQ,2025-03-16 01:59:30,2025-03-15,CLI-E121R3NYCZFK,AGT-DDPUZDGTDB,Outbound Call,Phone,Queja,Queja,506.0,,False,True,Neutral,0.21,,,False,,False,True
INT-1H3SLC9PAFWJHB3C,2025-03-16 00:03:03,2025-03-15,CLI-DL1OC21Z3V6N,AGT-YLWHHOSM0W,Outbound Call,Phone,Transaccional,Transaccional,170.0,,True,True,Neutral,-0.16,mexican,mexican,False,,False,True
INT-JP63K4EHO8GM4DUO,2025-03-16 03:11:36,2025-03-15,CLI-44DJUHUBB1SU,AGT-4EBSCOM63S,Inbound Call,Phone,Queja,Queja,339.0,105.0,False,True,Negativo,-0.51,argentine,argentine,False,PRD-I74H4HNQ9Z9I,False,True
INT-YLQGWE3DEWQ2HIU8,2025-03-15 18:40:37,2025-03-15,CLI-4ZEN8FMQ9YIF,AGT-D823QIGFPO,Chat,App,Producto,Producto,,,True,False,Negativo,-0.35,,,False,,False,False
INT-NLEDVQMGDEFEUYPA,2025-03-16 01:22:54,2025-03-15,CLI-EW5BQNCE1WKH,AGT-Z8YFQBMTYZ,Inbound Call,Phone,Transaccional,Transaccional,278.0,226.0,True,False,Neutral,0.17,,,False,,False,True
INT-WDB874TZN6FTEJTB,2025-03-15 16:21:19,2025-03-15,CLI-PL5E6GRD8Q9G,AGT-G9OO88HUR6,Inbound Call,Phone,Transaccional,Transaccional,200.0,157.0,True,True,Neutral,0.16,mexican,mexican,False,,True,True
INT-B3OYE8CSSBF2D820,2025-03-15 13:09:24,2025-03-15,CLI-KS2AP7JVCQ3B,AGT-9XS8S3F6F9,Inbound Call,Phone,Transaccional,Transaccional,157.0,106.0,True,False,Neutral,0.23,,,True,,False,True
INT-RSVX76C32H0NDW40,2025-03-15 13:38:36,2025-03-15,CLI-TA99SMMMT5O9,AGT-CVMX70X6Z4,Outbound Call,Phone,Transaccional,Transaccional,390.0,,True,False,Neutral,0.27,mexican,mexican,False,,True,True
INT-ILWRDC831FGIF0NK,2025-03-15 09:21:03,2025-03-15,CLI-7ZYW45N075OR,AGT-JZ4UT5EH9L,Inbound Call,Phone,Transaccional,Transaccional,238.0,35.0,True,False,Neutral,-0.19,,,False,"PRD-H3U9JV6MI6Y4,PRD-7RJ5E1GFR6BU,PRD-GYA298XUY405",False,True
INT-88HNJSPM5DEP0YQ1,2025-03-15 15:54:31,2025-03-15,CLI-PWRD2QVMFE0Z,AGT-73NR19JUP5,Inbound Call,Phone,Producto,Producto,330.0,57.0,True,False,Negativo,-0.38,argentine,mexican,False,,False,True
INT-527FC41UU2NXXKL5,2025-03-15 08:21:55,2025-03-15,CLI-9PN2J3XZ2IN5,AGT-Q4SXP4EG6L,Outbound Call,Phone,Transaccional,Transaccional,173.0,,True,True,Neutral,-0.0,mexican,mexican,False,"PRD-0E2EKU7PZK5L,PRD-HBL1CMHUD6TR,PRD-8VXLUDVT3G5P",False,True
INT-SFX7FWAJMTLK7YDE,2025-03-15 17:22:05,2025-03-15,CLI-NF3VGDQ7FRBA,AGT-P76IVQDP9K,Inbound Call,Phone,Transaccional,Transaccional,222.0,52.0,False,True,Neutral,0.21,mexican,mexican,False,"PRD-OVAZEKXBMV7Q,PRD-MKK63B8AEFOO,PRD-JTMQ4D9JAJ5K",True,True
INT-NPB1GKF1JM04EGF0,2025-03-15 21:04:01,2025-03-15,CLI-3DE8UK8N92SH,AGT-QI5O1LEA1K,Outbound Call,Phone,Transaccional,Transaccional,115.0,,True,False,Neutral,-0.15,,,False,,False,True
INT-FXE05YBZMASLULMP,2025-03-15 10:08:03,2025-03-15,CLI-36FSTS45I75Z,AGT-S1A5VZL0SM,Outbound Call,Phone,Comercial,Comercial,429.0,,True,False,Neutral,-0.22,argentine,argentine,False,"PRD-KLVKVLPARANK,PRD-TRLSS4VPCG1M",False,True
INT-41QJLDOJJSKIBRUD,2025-03-15 08:53:31,2025-03-15,CLI-F1HFBP3EB0FB,AGT-Y01RTJUOQJ,Inbound Call,Phone,Transaccional,Transaccional,300.0,28.0,True,False,Neutral,0.22,mexican,mexican,False,,True,True
INT-IXLSRMDNIKSF0C8I,2025-03-15 15:17:38,2025-03-15,CLI-YSVXPD776X2A,AGT-P7UOO1A7J0,Inbound Call,Phone,Transaccional,Transaccional,95.0,190.0,True,False,Neutral,0.05,argentine,colombian,False,,False,True
INT-JDK21HFAA9E58TIY,2025-03-15 08:18:56,2025-03-15,CLI-14ZDGNJI8VRF,AGT-HP4JLBB1JN,Outbound Call,Phone,Producto,Producto,304.0,,False,True,Neutral,0.1,mexican,mexican,False,"PRD-R91MTLQO9XOQ,PRD-SSHMNVJLEZ9Z",True,True
INT-YPSV9N35X3KQU7U8,2025-03-15 18:53:10,2025-03-15,CLI-DTTPBSFO8P4E,AGT-L0XIIP9UA9,Inbound Call,Phone,Producto,Producto,318.0,205.0,True,True,Neutral,-0.27,mexican,mexican,False,,True,True
INT-BF04O98G29UGKU0M,2025-03-16 03:34:17,2025-03-15,CLI-3A219JPEYW6K,AGT-5PR2VCD9EJ,Inbound Call,Phone,Comercial,Comercial,233.0,228.0,False,True,Positivo,0.36,mexican,mexican,False,,True,True
INT-MDHFUT23LFRT18KT,2025-03-16 05:48:37,2025-03-15,CLI-SYJ69MOII2O7,AGT-3SNWBE3W3Y,Inbound Call,Phone,Transaccional,Transaccional,472.0,116.0,False,True,Neutral,0.16,mexican,mexican,False,"PRD-P8QO4EB52XK7,PRD-ERE0ANLR585J",False,True
INT-RLXUIN0Q48JWFCTU,2025-03-15 10:49:11,2025-03-15,CLI-9SVIVYBPR6JA,AGT-IA36860J9Z,Chat,WhatsApp,Técnico,Técnico,,,False,True,Positivo,0.31,argentine,argentine,True,,False,False
INT-ZX9EFRG644SVAVE0,2025-03-15 18:58:36,2025-03-15,CLI-8S7I39T0B5O7,AGT-2QA9OU6KPZ,Inbound Call,Phone,Técnico,Técnico,574.0,69.0,False,True,Muy Negativo,-0.76,argentine,argentine,False,,False,True
INT-O9D6PSRDGJML1QPK,2025-03-15 09:53:58,2025-03-15,CLI-ORZZCYHVT2NT,AGT-3MU2T4LM27,Inbound Call,Phone,Técnico,Técnico,333.0,67.0,True,False,Neutral,-0.27,mexican,mexican,True,,False,True
INT-PBI57PIO2GXDMFCZ,2025-03-15 16:20:58,2025-03-15,CLI-QY1T30U9AJR5,AGT-XUBJTI8AW5,Inbound Call,Phone,Producto,Producto,400.0,0.0,True,False,Neutral,0.15,mexican,mexican,False,,False,True
INT-6GWDYEY6Z8AHXKU3,2025-03-16 00:15:51,2025-03-15,CLI-ES2XCJJ8ZQIV,AGT-Y9F01ICSEJ,Chat,Web Chat,Transaccional,Transaccional,,,True,False,Neutral,-0.27,,,False,PRD-0PBZKNRBUETC,False,False
INT-37APVEWZI290WT3W,2025-03-16 05:50:45,2025-03-15,CLI-BWCC4MXW04Y8,AGT-Q4SXP4EG6L,Inbound Call,Phone,Transaccional,Transaccional,169.0,186.0,True,False,Neutral,0.22,colombian,colombian,False,PRD-RHQ0UD2MFNOZ,True,True
INT-BZURQSQOLIZLJ4G4,2025-03-16 00:23:23,2025-03-15,CLI-845TIAQUQNZZ,AGT-0QJX3LETUS,Inbound Call,Phone,Técnico,Técnico,380.0,89.0,False,True,Positivo,0.39,mexican,mexican,False,PRD-9GJJNQ1ELP5X,False,True
INT-FR6L1OTMPQ9UY2JU,2025-03-16 06:01:41,2025-03-15,CLI-577JUES79Y2C,AGT-ZAL4032JRP,Inbound Call,Phone,Transaccional,Transaccional,87.0,45.0,True,False,Neutral,0.22,mexican,mexican,True,,False,True
INT-1LG8O1ND3ZS7FN4C,2025-03-15 18:20:49,2025-03-15,CLI-OB2D64P8JKV6,AGT-NVXKQOY9ML,Inbound Call,Phone,Queja,Queja,373.0,105.0,True,False,Negativo,-0.36,mexican,mexican,False,,False,True
INT-DNAURW3T7T6KJ8Q5,2025-03-15 20:18:12,2025-03-15,CLI-B3LU7V3TDDFG,AGT-KTWAJKP7QW,Inbound Call,Phone,Producto,Producto,315.0,87.0,True,False,Neutral,-0.2,,,False,,False,True
INT-7YNKTGZ4TIFEJJOO,2025-03-15 15:25:37,2025-03-15,CLI-8OFIPJMZS7A1,AGT-G70AXC3MAP,Email,Email,Queja,Queja,,,True,False,Positivo,0.45,,,False,"PRD-P3Y3JYPIIOPF,PRD-6HDRE010LUW1",False,False
INT-U4SZAHYE1YB9JCDR,2025-03-15 08:21:16,2025-03-15,CLI-J7LDV8SV60P6,AGT-R9OEJVZ74S,Email,Email,Producto,Producto,,,False,True,Neutral,0.27,argentine,argentine,False,,False,False
INT-A2AUHF94VKX26YC0,2025-03-15 12:37:41,2025-03-15,CLI-M8WQ49OF2D1R,AGT-NB6AG6PT24,Outbound Call,Phone,Transaccional,Transaccional,137.0,,True,False,Neutral,-0.18,,,False,"PRD-8OQ8QRTV5WCE,PRD-9M012QE6D6UQ,PRD-4RQGHIXVZT8B",False,True
INT-9RRDU4MBRLX62D1X,2025-03-16 02:15:43,2025-03-15,CLI-PRKVBME4ERM2,AGT-9A52G9KAKH,Outbound Call,Phone,Producto,Producto,232.0,,True,False,Neutral,-0.04,mexican,mexican,False,,True,True
INT-9XUK4F1VKGHV2R30,2025-03-15 22:07:21,2025-03-15,CLI-D3WT01AFR6NK,AGT-5UL7ZJRT6U,Inbound Call,Phone,Transaccional,Transaccional,152.0,17.0,True,False,Neutral,-0.11,mexican,mexican,False,,False,True
INT-NYVFDD9K5AY6THHV,2025-03-15 17:48:59,2025-03-15,CLI-E3318JFVSZEG,AGT-326LXCPIBX,Inbound Call,Phone,Transaccional,Transaccional,151.0,202.0,True,False,Neutral,-0.22,,,False,,True,True
INT-CB2NNY1OXHGGN6IH,2025-03-16 02:32:35,2025-03-15,CLI-T0XU9ODKNI7R,AGT-N6YFW1455B,Email,Email,Transaccional,Transaccional,,,True,False,Neutral,-0.3,,,False,,False,False
INT-1JERWK9J5R86H0BG,2025-03-16 04:03:47,2025-03-15,CLI-MGOUBPOOOKP4,AGT-LTX82QBP86,Inbound Call,Phone,Técnico,Técnico,334.0,190.0,False,True,Neutral,0.25,,,False,,False,True
INT-YX7J3CUQ6M4T7L44,2025-03-15 12:01:13,2025-03-15,CLI-7PYZ6K285MU1,AGT-71H194GLL8,Chat,WhatsApp,Queja,Queja,,,False,True,Neutral,-0.0,argentine,mexican,False,,False,False
INT-S9CK38SXXIRVD548,2025-03-15 14:34:47,2025-03-15,CLI-VKVOZU50NANQ,AGT-XLUD39CV67,Inbound Call,Phone,Transaccional,Transaccional,223.0,164.0,True,False,Neutral,-0.29,argentine,argentine,False,,True,True
INT-OVD2OVHNFKBEDDF6,2025-03-16 06:19:41,2025-03-15,CLI-YOBWOBH2W5XO,AGT-ERBZDOFKYX,Inbound Call,Phone,Queja,Queja,475.0,92.0,False,True,Muy Negativo,-0.73,colombian,colombian,False,,False,True
INT-R2JZGP8XISNG27I1,2025-03-16 04:45:37,2025-03-15,CLI-5EHZ9NCG8VDF,AGT-R1TFEUGKSY,Inbound Call,Phone,Transaccional,Transaccional,209.0,153.0,True,False,Neutral,-0.11,,,False,,False,True
INT-WJXN6SJZ66AT9ERK,2025-03-15 19:26:16,2025-03-15,CLI-0GTLTE2IX3A6,AGT-QZGRW0TABQ,Inbound Call,Phone,Producto,Producto,289.0,169.0,True,False,Neutral,0.23,argentine,argentine,False,,False,True
INT-L7YVOWP4OY5U982W,2025-03-15 22:49:40,2025-03-15,CLI-ELWKB0A3VCVI,AGT-RQSUHLTDIN,Inbound Call,Phone,Producto,Producto,468.0,75.0,True,False,Neutral,0.08,mexican,mexican,False,,False,True
INT-J6C11BN1N58GJKRX,2025-03-16 01:17:21,2025-03-15,CLI-A4VSNBNVXU9Q,AGT-ZKZMQJ4VSL,Inbound Call,Phone,Técnico,Técnico,568.0,162.0,True,False,Muy Positivo,0.91,argentine,argentine,False,,False,True
INT-NWPK7J0CFR4VTMPJ,2025-03-15 10:01:03,2025-03-15,CLI-UK204OWI89Z6,AGT-MONXUP4C6Q,Inbound Call,Phone,Comercial,Comercial,544.0,126.0,True,False,Negativo,-0.42,mexican,mexican,False,,False,True
INT-1UQBVAISQ0U9ETES,2025-03-15 08:40:00,2025-03-15,CLI-VKNJJPSALY1P,AGT-PX17SVBBET,Inbound Call,Phone,Técnico,Técnico,304.0,132.0,False,True,Positivo,0.34,colombian,colombian,False,,False,True
INT-Q6JUTGRR33EAGTRE,2025-03-15 11:14:11,2025-03-15,CLI-KFQL4CQPRLCJ,AGT-ABK5SY60XE,Inbound Call,Phone,Transaccional,Transaccional,140.0,193.0,True,False,Neutral,-0.08,colombian,colombian,False,PRD-VK97V5J6NH7B,False,True
INT-Z0VT1UOD5A242IXP,2025-03-15 18:52:45,2025-03-15,CLI-9GAN35RSBJ6M,AGT-EUE2HDH3QQ,Inbound Call,Phone,Transaccional,Transaccional,133.0,53.0,True,False,Neutral,0.04,,,False,"PRD-NVYL9A21VILR,PRD-WSE124OZLYL8,PRD-61LFVL59QNZD",True,True
INT-95C25VFGU6AXKCJZ,2025-03-15 23:17:07,2025-03-15,CLI-5OKCTNHDYADG,AGT-R3A802XCY2,Inbound Call,Phone,Producto,Producto,161.0,97.0,True,False,Negativo,-0.64,colombian,colombian,False,"PRD-TUO0BCJHLT83,PRD-IIGOILZ0UF6H",True,True
INT-AE3MI18W7VOY5PEN,2025-03-16 00:55:19,2025-03-15,CLI-F2NRLXV2NTZ3,AGT-8K2B7GS404,Inbound Call,Phone,Producto,Producto,350.0,110.0,True,False,Neutral,-0.18,colombian,mexican,False,PRD-FKH0G2DXIIWX,False,True
INT-IZWQTOFKTZRBMKTN,2025-03-15 12:34:49,2025-03-15,CLI-CC1MGFGG8LNL,AGT-265NTQ02ZF,Inbound Call,Phone,Queja,Queja,299.0,42.0,False,True,Negativo,-0.32,mexican,mexican,False,,False,True
INT-H6LO3F35VN72YG1P,2025-03-15 15:41:07,2025-03-15,CLI-7BBFZZUPJ5C4,AGT-VNCMXKXLZE,Inbound Call,Phone,Queja,Queja,449.0,0.0,False,True,Neutral,0.23,,,False,PRD-HACWGYCEKFSK,False,True
INT-AHMOUOS0MNULPD5H,2025-03-15 21:39:13,2025-03-15,CLI-JPFFNALJQMSH,AGT-I1ZHCVFEX1,Inbound Call,Phone,Comercial,Comercial,559.0,76.0,True,False,Positivo,0.52,mexican,mexican,False,,True,True
INT-RDJFVHX70TWDWJX4,2025-03-15 20:56:26,2025-03-15,CLI-BT7YOSO093J4,AGT-GBHL3XZPKH,Outbound Call,Phone,Queja,Queja,524.0,,False,True,Neutral,0.13,,,False,,False,True
INT-BU645KLXFYAAP83P,2025-03-15 21:17:17,2025-03-15,CLI-XC54LKTWBA8Y,AGT-ABK5SY60XE,Outbound Call,Phone,Técnico,Técnico,297.0,,True,False,Positivo,0.6,,,False,,False,True
INT-ZPCINV69LTV4ETNG,2025-03-15 18:36:08,2025-03-15,CLI-R2Y0OELJHL79,AGT-4FZILKK4KX,Chat,WhatsApp,Técnico,Técnico,,,True,False,Neutral,0.22,colombian,colombian,True,,False,False
INT-MV6MRZEPLRXLQ9AT,2025-03-15 11:11:27,2025-03-15,CLI-7REPAF84XT84,AGT-TSSIHYMD02,Outbound Call,Phone,Comercial,Comercial,753.0,,False,True,Negativo,-0.67,,,False,,False,True
INT-3TRQ6FYXXDHK8BRA,2025-03-16 03:01:49,2025-03-15,CLI-VYSEA528LKNS,AGT-6EUQGZ68XW,Chat,Web Chat,Transaccional,Transaccional,,,True,False,Neutral,0.1,mexican,mexican,True,"PRD-1KTOAMF7VHJF,PRD-6XN3GNYHYAV1",False,False
INT-2UAS46D3OKVOIGRD,2025-03-15 17:42:12,2025-03-15,CLI-GZXQJWZ3QL5J,AGT-3MU2T4LM27,Inbound Call,Phone,Transaccional,Transaccional,115.0,46.0,True,False,Neutral,0.21,mexican,mexican,False,,True,True
INT-2ES18874Y5M9CY7E,2025-03-15 16:45:36,2025-03-15,CLI-0COWHNNNC00R,AGT-7HUT4X997D,Inbound Call,Phone,Técnico,Técnico,278.0,127.0,False,True,Negativo,-0.4,mexican,mexican,False,"PRD-1BRJQCCGXUJL,PRD-TFM5YFH37RNJ",False,True
INT-27P5C638BRYUH3Q1,2025-03-16 07:00:33,2025-03-15,CLI-5Z8QLG5IBIP7,AGT-DBEGJGWYVE,Outbound Call,Phone,Queja,Queja,411.0,,False,True,Positivo,0.33,,,False,"PRD-MOTY6FN0JU0W,PRD-MSTQJPCOA22J",True,True
INT-KQFUBG55D7TFSY7W,2025-03-16 01:27:10,2025-03-15,CLI-9HNHH27KKBOF,AGT-0Q4Z4AE9P2,Outbound Call,Phone,Queja,Queja,433.0,,False,True,Negativo,-0.36,,,False,,False,True
INT-N1WSDQCVHIX2UVD6,2025-03-16 06:56:58,2025-03-15,CLI-0NL4T33MLDJZ,AGT-GE3FND5X2T,Inbound Call,Phone,Comercial,Comercial,585.0,36.0,False,True,Muy Positivo,0.78,colombian,colombian,False,,False,True
INT-3GGQWJA0YDVMMVTI,2025-03-15 19:48:29,2025-03-15,CLI-TPZ2UH7QWGGL,AGT-4W61FITOXQ,Inbound Call,Phone,Queja,Queja,440.0,54.0,False,True,Neutral,0.22,argentine,argentine,False,"PRD-DKQ8JE85N6L8,PRD-74BZC58CDJ07,PRD-ZDKCVG21X5IH",False,True
INT-MIX2I1BOU5X29IHE,2025-03-15 17:25:16,2025-03-15,CLI-0UV1LWJLYX8F,AGT-24LFEK8QEC,Chat,App,Transaccional,Transaccional,,,True,False,Neutral,-0.27,mexican,mexican,True,,False,False
INT-26DSG22RTXUWR2ZT,2025-03-15 15:10:37,2025-03-15,CLI-3PQKQ5SGVIK1,AGT-F46PV6WU87,Outbound Call,Phone,Queja,Queja,461.0,,False,True,Neutral,0.21,colombian,colombian,False,PRD-XFLKQYE2FYE4,False,True
INT-PM7PSBKEOJC1UAWG,2025-03-15 10:11:09,2025-03-15,CLI-63QZEZOEQ7EQ,AGT-IRQJXHNJ9D,Inbound Call,Phone,Queja,Queja,567.0,108.0,False,True,Negativo,-0.64,,,False,,False,True
INT-7LYZZIVTY5KO2DC8,2025-03-16 02:31:43,2025-03-15,CLI-L9G1DTWFKELM,AGT-OU7FAUBSD0,Inbound Call,Phone,Transaccional,Transaccional,258.0,100.0,True,False,Neutral,0.07,,,False,,False,True
INT-5FPB234S7YQ6DBV4,2025-03-16 04:27:29,2025-03-15,CLI-6ASVCA3CUIYL,AGT-CM5H6DR5TS,Inbound Call,Phone,Queja,Queja,508.0,143.0,True,False,Muy Positivo,0.7,argentine,argentine,False,,True,True
INT-YEI9QIQJZK1NJLYY,2025-03-15 09:51:29,2025-03-15,CLI-82A1PEYYQT2Y,AGT-HVHI1T24CL,Inbound Call,Phone,Producto,Producto,133.0,191.0,True,False,Negativo,-0.45,colombian,colombian,False,,False,True
INT-LMQ88ZCUYW2QCHT3,2025-03-15 21:27:40,2025-03-15,CLI-GNWCXCSZJEID,AGT-X49CRHRG9G,Outbound Call,Phone,Producto,Producto,286.0,,True,False,Neutral,-0.13,mexican,mexican,False,,False,True
INT-MZ89OUUS3TTGPIQP,2025-03-15 11:06:50,2025-03-15,CLI-ZOSD760F2UTX,AGT-X4R33GB4CR,Inbound Call,Phone,Técnico,Técnico,260.0,46.0,False,True,Positivo,0.38,colombian,colombian,False,"PRD-L2ALLKATFP0L,PRD-TCNCVJ07I69F",False,True
INT-FR0KQOALYW9P9128,2025-03-15 09:23:53,2025-03-15,CLI-TPWLD5XQZM6R,AGT-N0G051WG35,Outbound Call,Phone,Comercial,Comercial,541.0,,False,True,Positivo,0.56,,,True,"PRD-GSAT4LR1MEFY,PRD-0ALHHDQGVLIW",True,True
INT-RVA29Z8LD7SSBHL6,2025-03-15 12:53:45,2025-03-15,CLI-DA1ZEMZ98SLY,AGT-I0RSC4IGXZ,Inbound Call,Phone,Queja,Queja,460.0,119.0,True,False,Positivo,0.54,colombian,mexican,False,,False,True
INT-F9076ZHNOMG1HFOS,2025-03-15 08:51:24,2025-03-15,CLI-05NDW8OZ2DTZ,AGT-RHJINE5TTG,Inbound Call,Phone,Transaccional,Transaccional,154.0,133.0,True,True,Neutral,-0.22,,,False,"PRD-CAEQHMW53WMJ,PRD-OZ7R1WZT7PJ4",False,True
INT-2VQQYL5ZXE11KUHH,2025-03-15 13:47:25,2025-03-15,CLI-VYJY5MM7IT3D,AGT-QZ4OVGMGCA,Inbound Call,Phone,Producto,Producto,197.0,82.0,False,True,Neutral,-0.19,mexican,mexican,False,PRD-KVYYEOYVBIHK,True,True
INT-J5A8ZVS90D1D3QP4,2025-03-15 11:23:11,2025-03-15,CLI-LSUSNOZFNK14,AGT-B6R45B7BNQ,Inbound Call,Phone,Producto,Producto,484.0,230.0,True,False,Neutral,-0.0,argentine,argentine,True,"PRD-JH6NUJY486ZP,PRD-8ULJ7RMBWQTZ",False,True
INT-3TX626QB84QXH1V7,2025-03-16 05:47:08,2025-03-15,CLI-BGW111RMTYME,AGT-7HUT4X997D,Inbound Call,Phone,Transaccional,Transaccional,166.0,3.0,True,False,Neutral,-0.2,mexican,argentine,False,,False,True
INT-0WCID89OIFG4FH3N,2025-03-16 01:29:54,2025-03-15,CLI-741IJHZKCGPP,AGT-56L27RI8NL,Email,Email,Técnico,Técnico,,,True,False,Neutral,0.11,colombian,colombian,False,"PRD-9T4DI1JU4BBU,PRD-59H3KFRINX6E,PRD-ITEVQYF54QFG",True,False
INT-FGNFI44OM3C8NOHQ,2025-03-15 15:25:43,2025-03-15,CLI-5QFOVGJA091B,AGT-7YEN4DGX91,Inbound Call,Phone,Producto,Producto,268.0,88.0,True,True,Muy Positivo,0.77,colombian,colombian,False,PRD-YX41BVN64Q3Q,False,True
INT-ANYA24OGQKNP7RP9,2025-03-15 18:59:57,2025-03-15,CLI-0WB5Y4GJT6N7,AGT-R5961LOEMU,Inbound Call,Phone,Queja,Queja,222.0,103.0,False,True,Neutral,-0.27,argentine,argentine,False,,True,True
INT-U24X38Z1XXQRQGJL,2025-03-16 06:38:03,2025-03-15,CLI-TE7A21AEAJSX,AGT-Y8VCCG4114,Outbound Call,Phone,Queja,Queja,420.0,,True,False,Positivo,0.61,,,False,,False,True
INT-S1MDM9YQ9PUIGPYU,2025-03-15 14:00:41,2025-03-15,CLI-V8OTCOC9AP9G,AGT-NBQ65Y4VZ9,Inbound Call,Phone,Transaccional,Transaccional,126.0,90.0,False,True,Neutral,-0.24,mexican,mexican,False,,True,True
INT-MFZDYDJMT72BDL5L,2025-03-15 11:32:33,2025-03-15,CLI-B69I2LHG99EV,AGT-DTAYXVOKPJ,Inbound Call,Phone,Transaccional,Transaccional,226.0,180.0,True,True,Neutral,0.28,colombian,colombian,False,,False,True
INT-B2GRVK55RNLP04M9,2025-03-15 23:52:48,2025-03-15,CLI-X5YNRLXA6X3G,AGT-VFQGSL284E,Inbound Call,Phone,Técnico,Técnico,500.0,173.0,False,True,Neutral,-0.29,,,False,,False,True
INT-IE40R3E8G9GQ5I0L,2025-03-16 00:31:23,2025-03-15,CLI-3H1AOBCS3Y5H,AGT-GPJJR1BEMS,Chat,WhatsApp,Comercial,Comercial,,,False,True,Positivo,0.46,mexican,mexican,False,,False,False
INT-39RQFWST1AV51FHS,2025-03-15 09:02:53,2025-03-15,CLI-8P6YHRN9YOES,AGT-4W61FITOXQ,Inbound Call,Phone,Transaccional,Transaccional,316.0,131.0,True,False,Neutral,-0.13,mexican,mexican,False,,False,True
INT-6L3QT3I6PK97UYLK,2025-03-15 21:08:13,2025-03-15,CLI-Y4VKINZ6PX3O,AGT-5JI29B48WM,Inbound Call,Phone,Queja,Queja,593.0,54.0,True,True,Negativo,-0.37,colombian,colombian,False,,False,True
INT-ZTTV078ACMBPVDQR,2025-03-16 04:46:24,2025-03-15,CLI-SR2749W43D0Q,AGT-BH4XF8YM49,Inbound Call,Phone,Queja,Queja,52.0,256.0,False,True,Neutral,-0.01,argentine,argentine,False,"PRD-5FMLY6AG5SJN,PRD-IXA4OHEFOLOW,PRD-39GJROME1C8I",False,True
INT-QHZGK7QSJEUXNWJ1,2025-03-16 07:23:27,2025-03-15,CLI-D28KYN4OFP47,AGT-KTWAJKP7QW,Outbound Call,Phone,Técnico,Técnico,527.0,,True,False,Muy Positivo,0.7,mexican,mexican,False,,True,True
INT-XV5T6MO8CLBGX2YG,2025-03-15 16:18:35,2025-03-15,CLI-07T7YR8ITAYT,AGT-69430CDLET,Inbound Call,Phone,Retención,Retención,345.0,119.0,True,False,Positivo,0.47,mexican,mexican,False,,False,True
INT-9X6LZGLPHXUSTBY6,2025-03-15 22:21:11,2025-03-15,CLI-ZVXKR30LKTSE,AGT-Z1J3VFKRTZ,Email,Email,Queja,Queja,,,False,True,Neutral,0.17,colombian,colombian,False,,False,False
INT-SF8X7PDCZ58MUQ44,2025-03-16 06:49:54,2025-03-15,CLI-E2ZWLNVP7H25,AGT-I94LJIR7DW,Inbound Call,Phone,Producto,Producto,440.0,58.0,True,False,Neutral,0.06,,,False,,True,True
INT-K2S693PUGAVEC6K5,2025-03-16 00:45:39,2025-03-15,CLI-TJH7ULWLDC0T,AGT-I7AE42K1E3,Inbound Call,Phone,Transaccional,Transaccional,129.0,74.0,True,True,Neutral,0.05,argentine,mexican,False,"PRD-90IA18EHHHXD,PRD-4DL73RRUX2FD",False,True
INT-Y6P1XQ7GEDUPPHIG,2025-03-15 10:42:28,2025-03-15,CLI-TISYIVCPDVYM,AGT-2BNDJNBFKF,Inbound Call,Phone,Técnico,Técnico,425.0,96.0,False,True,Muy Negativo,-0.84,argentine,argentine,False,,False,True
INT-PE84G8K0UCD06C9B,2025-03-15 08:09:25,2025-03-15,CLI-UV5WRRUVH3VV,AGT-R0HHTLH7NG,Inbound Call,Phone,Comercial,Comercial,580.0,23.0,False,True,Negativo,-0.33,,,False,"PRD-2Q5JWV6LK6SJ,PRD-MTCSC4EAFSXC,PRD-NDMY3698YCO2",True,True
INT-7SBW7ZYYX1A2CSQ0,2025-03-15 19:48:28,2025-03-15,CLI-BLDVXDFD3Z48,AGT-TRV7Z7UODY,Inbound Call,Phone,Transaccional,Transaccional,182.0,62.0,True,False,Neutral,-0.29,,,False,"PRD-S3BC68IOBWID,PRD-IJVCPGUC4J8G,PRD-ONOCVLX75QP0",False,True
INT-PSF8QIYQC7K5WTX0,2025-03-15 21:19:09,2025-03-15,CLI-S5L8QR24VC22,AGT-IQ63VCBVSU,Inbound Call,Phone,Transaccional,Transaccional,231.0,22.0,True,False,Neutral,0.03,mexican,mexican,True,,False,True
INT-EH1SFNEDAZ35S9PU,2025-03-15 12:11:27,2025-03-15,CLI-YB5DC8KGEZBG,AGT-LFX460UJ80,Inbound Call,Phone,Retención,Retención,476.0,75.0,False,True,Neutral,-0.0,,,True,"PRD-5XK0INRRQAYK,PRD-XDNLFNQ3F5AS",False,True
INT-MM30G8S3XE238PVE,2025-03-15 15:12:12,2025-03-15,CLI-VHT10OOSKABG,AGT-LFX460UJ80,Inbound Call,Phone,Técnico,Técnico,356.0,76.0,True,False,Negativo,-0.7,argentine,argentine,False,"PRD-GPRUKBE77U1R,PRD-Q1EMGA5GBDKJ,PRD-4WM4QN8PRCW0",False,True
INT-Z5TL2U7P43OVA397,2025-03-16 01:11:56,2025-03-15,CLI-E6CFNQAM7EHG,AGT-RFSAWCKQ3R,Outbound Call,Phone,Producto,Producto,339.0,,True,False,Neutral,-0.08,argentine,argentine,False,"PRD-SB7YWEXEKO80,PRD-6ZA2UHKR31GQ,PRD-AZYUDEDLK786",False,True
INT-OKY21HRNRX1ECMQT,2025-03-15 22:40:48,2025-03-15,CLI-WYAYW17LLFLI,AGT-WRFG8F6YNC,Email,Email,Transaccional,Transaccional,,,True,False,Neutral,-0.22,colombian,colombian,False,"PRD-J2L50KNZ2ZSM,PRD-WIV4C6GAH6U4",False,False
INT-7YY4YQ6XP4YKH7B1,2025-03-16 01:24:02,2025-03-15,CLI-6PEJE8LATVBJ,AGT-DF77TQ66S1,Inbound Call,Phone,Técnico,Técnico,282.0,81.0,True,False,Neutral,-0.11,colombian,colombian,True,PRD-WBERHT2ZMZX5,False,True
INT-B6JO3WE2R3U9TKFH,2025-03-16 06:54:01,2025-03-15,CLI-0IR7TTHLQN19,AGT-Y8VCCG4114,Inbound Call,Phone,Queja,Queja,452.0,231.0,True,False,Neutral,0.25,mexican,mexican,False,"PRD-WVHUOWRPI51L,PRD-L1ZZQD7LQMKG",False,True
INT-2ZD2HY17W9A1ZBUR,2025-03-15 13:05:23,2025-03-15,CLI-I0I93P07MQUH,AGT-NIV1UCW44H,Inbound Call,Phone,Técnico,Técnico,600.0,144.0,True,False,Neutral,0.01,mexican,mexican,False,,True,True
INT-3J7I19UX9K4ALX7A,2025-03-15 16:07:04,2025-03-15,CLI-YRKRRPKVHKU6,AGT-XBRLAWNT6Y,Inbound Call,Phone,Comercial,Comercial,617.0,174.0,False,True,Neutral,-0.19,colombian,argentine,False,,False,True
INT-NKI9PROUO243MF6B,2025-03-15 14:46:09,2025-03-15,CLI-EB94VM7JKI5E,AGT-CVMX70X6Z4,Inbound Call,Phone,Queja,Queja,428.0,210.0,False,True,Neutral,0.27,mexican,argentine,False,PRD-FYT3DBR4BDAX,False,True
INT-LMGGS48CQTWVSX0W,2025-03-16 00:52:50,2025-03-15,CLI-3PUA4VSH0MBY,AGT-DBEGJGWYVE,Inbound Call,Phone,Transaccional,Transaccional,117.0,50.0,True,False,Neutral,0.14,,,False,"PRD-TOG9EIEX36P9,PRD-7I4I7AE0YCZH,PRD-I51G7F7MFDPZ",False,True
INT-PHCFPEI3RVUXAJMJ,2025-03-15 08:17:25,2025-03-15,CLI-H7G7H7ZSXKS8,AGT-R5961LOEMU,Inbound Call,Phone,Comercial,Comercial,539.0,72.0,True,False,Neutral,0.12,colombian,mexican,False,,False,True
INT-PA5N5PEYVLD6JTP3,2025-03-16 06:22:52,2025-03-15,CLI-TZHFLM8JPVIF,AGT-KJJSUXEQ6N,Inbound Call,Phone,Producto,Producto,350.0,150.0,True,False,Neutral,-0.01,colombian,colombian,False,PRD-6V6AODKA7UB0,False,True
INT-4RXAN6YVD4ASBEAP,2025-03-16 03:24:51,2025-03-15,CLI-1U7S3G089CM6,AGT-1ZSO508WOH,Inbound Call,Phone,Técnico,Técnico,407.0,128.0,False,True,Muy Negativo,-0.79,colombian,mexican,False,"PRD-QHZG6JTFKZZ2,PRD-0NT8E4WGUXM2,PRD-8Y51R05MW7FE",False,True
INT-TKBTK4FVX2TN3GSW,2025-03-15 17:37:31,2025-03-15,CLI-I6FHIT6RECEE,AGT-5ZON0CZXOE,Email,Email,Transaccional,Transaccional,,,True,False,Neutral,-0.17,mexican,mexican,False,"PRD-WXPF6KYSSHQK,PRD-0JFHTTM05W4W",False,False
INT-NG91NX7SUKQM2FHS,2025-03-16 06:36:43,2025-03-15,CLI-TXJ113UFM4LR,AGT-36I8H8V3IO,Chat,App,Transaccional,Transaccional,,,True,False,Neutral,-0.1,mexican,mexican,False,PRD-O78Y1NVFLHLN,True,False
INT-ODIH6S349AC8QE59,2025-03-15 17:41:22,2025-03-15,CLI-OFQL769MNZT9,AGT-A8I1YTWT37,Inbound Call,Phone,Transaccional,Transaccional,201.0,59.0,True,False,Neutral,0.3,,,False,,True,True
INT-WCC7IR7Y4HHRN2O4,2025-03-15 11:15:05,2025-03-15,CLI-0RFS0YXZ98PQ,AGT-6OR4WMM8YS,Inbound Call,Phone,Producto,Producto,426.0,56.0,True,False,Positivo,0.46,colombian,colombian,False,,False,True
INT-O2PA8223UTBYB36P,2025-03-15 19:32:55,2025-03-15,CLI-L2V6UFK4VG7P,AGT-ZAL4032JRP,Inbound Call,Phone,Producto,Producto,178.0,185.0,True,False,Neutral,-0.06,,,False,"PRD-6MNBN1NMAJ8B,PRD-83QOKI5823Y9",False,True
INT-CK62BTRAKNQRHYJ7,2025-03-15 11:18:43,2025-03-15,CLI-93T7M58X8LL4,AGT-3J626YP5SB,Chat,WhatsApp,Queja,Queja,,,False,True,Positivo,0.7,colombian,colombian,False,,True,False
INT-4AGMP78HDZATQ5GP,2025-03-16 04:29:15,2025-03-15,CLI-DD4UXM80Z8ML,AGT-QU8T3PNBH6,Inbound Call,Phone,Queja,Queja,338.0,187.0,True,False,Positivo,0.67,mexican,mexican,False,,True,True
INT-16XJ983JMBYS0YRZ,2025-03-15 17:11:53,2025-03-15,CLI-J2WJWCXCN0FF,AGT-EUWMU9A5O8,Outbound Call,Phone,Transaccional,Transaccional,208.0,,True,False,Neutral,-0.23,mexican,mexican,True,,False,True
INT-X7VF6A1B3H05R1KC,2025-03-16 03:33:36,2025-03-15,CLI-0GHLMJ4SCI0U,AGT-FKUWKRVKJI,Inbound Call,Phone,Comercial,Comercial,655.0,92.0,True,False,Neutral,-0.23,mexican,mexican,False,,False,True
INT-RZFJME0BGP33VT6N,2025-03-16 07:02:54,2025-03-15,CLI-5W05EFDQT5ZL,AGT-2H7OTPEC6D,Inbound Call,Phone,Transaccional,Transaccional,218.0,138.0,True,False,Neutral,-0.18,argentine,argentine,False,,False,True
INT-T6A22ZIUQ9O3QA78,2025-03-15 09:00:54,2025-03-15,CLI-6NYK2D79ES36,AGT-9W02U9H2GZ,Chat,Web Chat,Transaccional,Transaccional,,,True,False,Neutral,-0.07,,,False,"PRD-3MPYNSFYFIL6,PRD-AJ6U5RZI8J0R,PRD-E97TVJFDIVHW",False,False
INT-IYDL9F9R7IQGSA6E,2025-03-15 13:24:41,2025-03-15,CLI-POR85H6LX3LS,AGT-ELV4R7G13O,Inbound Call,Phone,Transaccional,Transaccional,141.0,103.0,True,True,Neutral,0.15,mexican,colombian,False,,False,True
INT-9NQH119U07PH1P5H,2025-03-15 14:37:17,2025-03-15,CLI-A6PXPZ6O5MJR,AGT-8431PDCJHS,Inbound Call,Phone,Transaccional,Transaccional,162.0,204.0,True,False,Neutral,-0.01,,,False,,False,True
INT-SG46NLP97KW3VGHX,2025-03-15 23:42:46,2025-03-15,CLI-TUHIBQXLBWTA,AGT-YWKYXYRNJG,Inbound Call,Phone,Transaccional,Transaccional,313.0,15.0,True,False,Neutral,0.12,mexican,mexican,False,,False,True
INT-H27GSX8M10DZ86SL,2025-03-15 08:03:03,2025-03-15,CLI-CJHBH1E9YSUR,AGT-MUGUW34H6Y,Outbound Call,Phone,Transaccional,Transaccional,170.0,,True,False,Neutral,-0.03,argentine,argentine,False,,False,True
INT-9Y5TXD95K5RGMUXV,2025-03-16 04:24:15,2025-03-15,CLI-JGRN3JEWKE8O,AGT-0NK91BEH8F,Chat,App,Transaccional,Transaccional,,,True,False,Neutral,0.13,,,False,,False,False
INT-U6RQ231L403Y3YUF,2025-03-15 23:14:35,2025-03-15,CLI-Q80BIR90LYD5,AGT-QL32ARQUQL,Outbound Call,Phone,Queja,Queja,497.0,,True,False,Neutral,-0.27,argentine,mexican,True,PRD-LL3WKZPNKT3Y,False,True
INT-UUKU3UDQGSS8JAWB,2025-03-15 17:58:51,2025-03-15,CLI-CUP7B754DTXA,AGT-MOMHH0J0J9,Chat,App,Transaccional,Transaccional,,,True,False,Neutral,-0.03,mexican,mexican,False,,False,False
INT-ZJTLTT0H8UGYQMSL,2025-03-15 21:10:49,2025-03-15,CLI-SL04TPCLJTKB,AGT-IGZY99W908,Inbound Call,Phone,Comercial,Comercial,434.0,185.0,False,True,Neutral,0.09,mexican,mexican,False,PRD-VHVMG2M08FR3,True,True
INT-AQN72UAJU4X2A98Q,2025-03-16 04:11:42,2025-03-15,CLI-9VSTL2WDX96L,AGT-7RNBB5W4CT,Inbound Call,Phone,Transaccional,Transaccional,161.0,55.0,True,False,Neutral,0.11,mexican,colombian,False,,True,True
INT-W9OQ8YU2QG01BHAJ,2025-03-16 01:56:44,2025-03-15,CLI-34GTDP4IYSAW,AGT-29XBDSVSVM,Chat,Web Chat,Transaccional,Transaccional,,,True,False,Neutral,-0.05,,,False,,False,False
INT-FYRTIA1IBQPQ0WO6,2025-03-15 21:47:06,2025-03-15,CLI-I9AY1JYJWT9E,AGT-ADNC57V4Y5,Inbound Call,Phone,Producto,Producto,225.0,142.0,True,False,Neutral,0.29,,,True,PRD-7THTW70KYSTD,True,True
INT-P3VUBS04E3FVD8OK,2025-03-15 08:44:52,2025-03-15,CLI-W8X0F733CIPE,AGT-JZD6GWJBLQ,Chat,WhatsApp,Transaccional,Transaccional,,,True,False,Neutral,0.01,colombian,colombian,True,,False,False
INT-U29PYK6WEYAJS50U,2025-03-15 09:55:44,2025-03-15,CLI-FR5LBMK741MC,AGT-5M8UV0UVSQ,Inbound Call,Phone,Transaccional,Transaccional,282.0,144.0,True,False,Neutral,0.22,argentine,argentine,False,,False,True
INT-PFEAKONJU0TN9MGQ,2025-03-15 08:41:29,2025-03-15,CLI-3BISP16QV2TP,AGT-6NK9TIEVN9,Outbound Call,Phone,Transaccional,Transaccional,159.0,,True,False,Neutral,0.16,,,False,PRD-YQ8VYEV8LCL2,True,True
INT-YPI24IJ4D4LEAF3P,2025-03-15 20:48:24,2025-03-15,CLI-WJ7QMT76WNDN,AGT-IZDFJFHSFH,Inbound Call,Phone,Transaccional,Transaccional,179.0,172.0,True,False,Neutral,-0.17,colombian,colombian,False,,False,True
INT-31NCZ7ULGL3XSDT6,2025-03-15 20:26:33,2025-03-15,CLI-4GWSJ4K2SW1O,AGT-ECPPYMNG3G,Chat,WhatsApp,Transaccional,Transaccional,,,True,False,Neutral,0.26,mexican,mexican,False,,True,False
INT-6QDDUZRQ2JXGHAPN,2025-03-15 21:18:39,2025-03-15,CLI-IRS6J8QJ9QJI,AGT-WHFAP66CQ9,Outbound Call,Phone,Comercial,Comercial,536.0,,True,False,Negativo,-0.54,mexican,mexican,False,"PRD-RF18JXM3AZT7,PRD-3QFNKQL1MDR8,PRD-6S6PL28I4EEL",False,True
INT-9ZBLB4WA39LXZYAR,2025-03-16 05:41:55,2025-03-15,CLI-G2BF3THETAJM,AGT-20ERALB37F,Inbound Call,Phone,Técnico,Técnico,134.0,121.0,True,False,Positivo,0.55,,,False,PRD-2GJ4YQDQFG37,False,True
INT-1ZSSQFT033YON8S8,2025-03-16 05:30:53,2025-03-15,CLI-F73XNIKDLI82,AGT-69430CDLET,Inbound Call,Phone,Queja,Queja,672.0,0.0,False,True,Neutral,0.16,mexican,argentine,False,PRD-7493IERJDWXZ,False,True
INT-AHROACO46EBPJUAG,2025-03-16 06:12:30,2025-03-15,CLI-X35ZR5B15A3Y,AGT-56XIRH3EBF,Chat,Web Chat,Transaccional,Transaccional,,,True,False,Neutral,0.04,,,False,"PRD-87J65S3CYM1M,PRD-BE39H8QWLQDX",False,False
INT-XHMEF3WPY37ZHCE8,2025-03-16 06:48:27,2025-03-15,CLI-U8Q6FEP4KFPL,AGT-OK1RZJN2O9,Chat,App,Transaccional,Transaccional,,,False,True,Neutral,0.05,argentine,argentine,False,,True,False
INT-TAGO2GQSI9X9NKPK,2025-03-15 17:30:42,2025-03-15,CLI-5KJHBUK0YRXI,AGT-RVO9NVMTEP,Video,App,Transaccional,Transaccional,30.0,,True,False,Neutral,0.13,,,False,"PRD-RS0ZB2EVQQ6R,PRD-CZV6ATQZ6H9I",False,True
INT-JXIQ457WCN3ZPZDJ,2025-03-16 02:52:29,2025-03-15,CLI-UIGY8MRO20FE,AGT-ISFC80OYCB,Inbound Call,Phone,Producto,Producto,241.0,103.0,True,False,Muy Negativo,-0.94,mexican,mexican,False,PRD-SU0GDFQF6345,False,True
INT-Y0HJ3FE45IG276ZQ,2025-03-15 15:14:42,2025-03-15,CLI-G9M0GECXFHZA,AGT-EP3R0JXEXV,Inbound Call,Phone,Transaccional,Transaccional,216.0,161.0,True,False,Neutral,-0.21,,,False,,True,True
INT-6OILKZ16CBJAXDVQ,2025-03-16 07:14:55,2025-03-15,CLI-LTQLP3BY0Q8Y,AGT-UL2AKT2G17,Inbound Call,Phone,Transaccional,Transaccional,195.0,129.0,True,False,Neutral,-0.07,mexican,colombian,False,,True,True
INT-G4LMFB4WIC9ZRQNE,2025-03-16 06:51:15,2025-03-15,CLI-VSD6TIA247HH,AGT-6KXS33Z4GI,Outbound Call,Phone,Transaccional,Transaccional,318.0,,True,False,Neutral,-0.12,,,False,"PRD-5K4H7D6NG01F,PRD-V3TEI624SXOI,PRD-ZHFXAK5V6IY5",False,True
INT-R2WDVF06CJF69V75,2025-03-15 23:07:17,2025-03-15,CLI-43SXS2M5HV8X,AGT-AUOTS7C4F3,Inbound Call,Phone,Transaccional,Transaccional,216.0,63.0,False,True,Neutral,0.3,mexican,mexican,False,,True,True
INT-VCYG4ISEFXA0XQ8B,2025-03-16 06:18:27,2025-03-15,CLI-IEQVX1HCNAD7,AGT-UU8LD3H21R,Inbound Call,Phone,Comercial,Comercial,451.0,38.0,False,True,Negativo,-0.48,,,False,,False,True
INT-D9POYK160C84FTLS,2025-03-16 03:16:00,2025-03-15,CLI-QOH2VVFVYC0R,AGT-YD75PME3W5,Outbound Call,Phone,Producto,Producto,104.0,,True,False,Neutral,-0.14,colombian,colombian,False,"PRD-Q9GNK2NPISB4,PRD-S9541GZA8UGP",False,True
INT-ZEFMA050SC1S0VXO,2025-03-15 14:44:53,2025-03-15,CLI-XUHLRFU07OCW,AGT-P6MGML9D12,Inbound Call,Phone,Comercial,Comercial,634.0,77.0,False,True,Negativo,-0.67,colombian,colombian,False,"PRD-MESKCHZ4P1H3,PRD-Q7671L3ZKFXK,PRD-XVM618HT99H0",True,True
INT-K3KRWSB63UCF6QHE,2025-03-16 06:12:25,2025-03-15,CLI-I95UTI47J4W0,AGT-RHJINE5TTG,Outbound Call,Phone,Técnico,Técnico,212.0,,True,False,Neutral,0.22,colombian,colombian,False,"PRD-YZY9WQ7I5KDN,PRD-RYIYMDEOIYTC,PRD-1Z3RD7MNW3EI",False,True
INT-3TOVFHPNQBZSJZHN,2025-03-15 18:02:42,2025-03-15,CLI-81R0BXN686ES,AGT-3MU2T4LM27,Outbound Call,Phone,Comercial,Comercial,458.0,,True,False,Positivo,0.38,mexican,mexican,False,,False,True
INT-9EDM0OKP2YGA5Z0W,2025-03-15 20:13:07,2025-03-15,CLI-IUFGAD1ME6UB,AGT-QQATMOYOS3,Chat,App,Comercial,Comercial,,,True,False,Neutral,-0.02,mexican,mexican,False,,True,False
INT-06PIGM1IREDNZDS6,2025-03-15 12:08:55,2025-03-15,CLI-O8RN1VPDN39Y,AGT-KU17P6Y4EJ,Inbound Call,Phone,Comercial,Comercial,515.0,172.0,False,True,Neutral,0.03,mexican,mexican,False,,True,True
INT-HEBA6YH6UZYR7VIQ,2025-03-15 17:22:01,2025-03-15,CLI-N0N6F0DIYUN9,AGT-MC2QXB1BML,Inbound Call,Phone,Producto,Producto,345.0,181.0,True,True,Neutral,0.12,mexican,mexican,False,PRD-CSSTUNUC6WSL,False,True
INT-MQF0HYKMTHPKOTTM,2025-03-16 00:53:28,2025-03-15,CLI-QI8K4H24LH31,AGT-R3A802XCY2,Inbound Call,Phone,Queja,Queja,289.0,108.0,False,True,Neutral,0.07,mexican,mexican,False,,True,True
INT-AAK4FKO228ASNVKR,2025-03-16 03:10:09,2025-03-15,CLI-QFVCGBMA28Y7,AGT-ISFC80OYCB,Inbound Call,Phone,Producto,Producto,472.0,157.0,True,False,Neutral,-0.21,argentine,argentine,False,,False,True
INT-6EVJ1KY63401QL01,2025-03-16 02:14:04,2025-03-15,CLI-ZJCKBO7AQR5N,AGT-YMZKRGSJNL,Inbound Call,Phone,Producto,Producto,308.0,197.0,True,False,Muy Negativo,-1.0,,,False,,False,True
INT-1KPTG5AXN1QW4W37,2025-03-16 02:52:00,2025-03-15,CLI-NAIGCDD04ACF,AGT-5QGYHBW01W,Inbound Call,Phone,Queja,Queja,452.0,230.0,False,True,Positivo,0.59,mexican,mexican,False,,False,True
INT-1AOSDNZU9WLEMG7V,2025-03-15 16:08:32,2025-03-15,CLI-WXA6AB3N2IV9,AGT-TNY667JLTI,Inbound Call,Phone,Transaccional,Transaccional,196.0,144.0,True,False,Neutral,0.15,mexican,mexican,False,,False,True
INT-YHXM726OX6IPNT6B,2025-03-16 01:12:14,2025-03-15,CLI-2N7H9F43RVI8,AGT-57JWQAKI57,Inbound Call,Phone,Técnico,Técnico,415.0,35.0,True,False,Positivo,0.31,mexican,mexican,True,,True,True
INT-VAQJ5R2ASNLSW4HA,2025-03-15 23:05:30,2025-03-15,CLI-TEJD8QVLHILK,AGT-T6G3XMAHRJ,Inbound Call,Phone,Técnico,Técnico,370.0,34.0,True,False,Neutral,0.05,argentine,mexican,False,"PRD-Z1QTH9L1W8EP,PRD-VDI2P3BELOHR",False,True
INT-P1Y1T22W6Y754A78,2025-03-16 07:38:33,2025-03-15,CLI-6F90EJ96RZ8M,AGT-VJR3NWJ0XO,Inbound Call,Phone,Transaccional,Transaccional,231.0,59.0,True,False,Neutral,-0.28,mexican,mexican,True,,False,True
INT-9E10G85Z4YSCE0PX,2025-03-15 20:03:03,2025-03-15,CLI-QQYUZI907PS6,AGT-3EE5S99BFU,Outbound Call,Phone,Producto,Producto,254.0,,True,False,Positivo,0.42,mexican,mexican,True,PRD-GCN6TO8QBK2W,False,True
INT-1IFLE0VX1YUF814B,2025-03-15 20:04:38,2025-03-15,CLI-MC9YOI6FD59J,AGT-Q0FNFY8G5L,Inbound Call,Phone,Producto,Producto,264.0,245.0,True,False,Muy Negativo,-0.92,,,False,,False,True
INT-R51S3XYJTKC26K0R,2025-03-16 03:51:25,2025-03-15,CLI-BG2ZXVLS9NBS,AGT-PSARAEWNDG,Inbound Call,Phone,Técnico,Técnico,443.0,231.0,False,True,Positivo,0.55,colombian,mexican,False,,False,True
INT-5CPGOPV2JZKEVJC3,2025-03-15 20:12:09,2025-03-15,CLI-101NGSJJRTG2,AGT-XKNA4UGMBW,Inbound Call,Phone,Producto,Producto,514.0,128.0,True,False,Neutral,0.22,mexican,mexican,False,,False,True
INT-Y0578E04202C5RRZ,2025-03-16 03:47:34,2025-03-15,CLI-YOV2VDFGKJFG,AGT-4IHMG1WJMD,Inbound Call,Phone,Transaccional,Transaccional,52.0,73.0,True,False,Neutral,0.01,,,True,,True,True
INT-0X1ICD8S1ZC2ASVA,2025-03-16 00:16:44,2025-03-15,CLI-25HW1M462488,AGT-CPLJJNES58,Inbound Call,Phone,Producto,Producto,276.0,125.0,True,False,Neutral,0.08,,,False,,False,True
INT-S3DE69ENNKC97EIZ,2025-03-16 06:52:01,2025-03-15,CLI-1ITR7IY4QSKY,AGT-DU4UVAV6TT,Inbound Call,Phone,Queja,Queja,716.0,0.0,False,True,Muy Negativo,-0.74,colombian,colombian,False,,True,True
INT-KDF89ZVDH42V759X,2025-03-15 11:05:42,2025-03-15,CLI-LCC9IQ07RINP,AGT-HP4JLBB1JN,Email,Email,Queja,Queja,,,False,True,Negativo,-0.65,mexican,mexican,False,,True,False
INT-8KPPQB18H9383L7O,2025-03-16 06:20:25,2025-03-15,CLI-TGXR5A1V1LRL,AGT-64T08W0ODF,Outbound Call,Phone,Técnico,Técnico,392.0,,True,False,Positivo,0.32,mexican,mexican,False,,True,True
INT-0IN46NPSBX9XDJ3F,2025-03-15 21:28:55,2025-03-15,CLI-EWXX0Z9RB9E3,AGT-12AFACXPXI,Inbound Call,Phone,Queja,Queja,545.0,92.0,False,True,Negativo,-0.51,colombian,argentine,False,"PRD-T5WT7S7M2THA,PRD-M3JVLLDN1GXK",False,True
INT-8ETF5YD82H4ZZKKJ,2025-03-16 01:17:05,2025-03-15,CLI-16ACQ9E0J54B,AGT-3BWKH19I03,Inbound Call,Phone,Transaccional,Transaccional,332.0,113.0,True,False,Neutral,0.15,,,True,,False,True
INT-DRJLJFTFYI1GFXSQ,2025-03-16 02:38:17,2025-03-15,CLI-5XS2KXDO60EU,AGT-HHZLM4XXDJ,Inbound Call,Phone,Transaccional,Transaccional,217.0,0.0,True,False,Neutral,-0.09,mexican,mexican,False,,False,True
INT-7JR5WCVF8QTXOA1P,2025-03-15 16:25:04,2025-03-15,CLI-21TE31DOMP8S,AGT-RZPZ4QXWMO,Inbound Call,Phone,Producto,Producto,281.0,130.0,True,False,Neutral,-0.16,mexican,argentine,False,,False,True
INT-G0PR7RWQVODR5NHT,2025-03-15 09:04:21,2025-03-15,CLI-NT2UFRO5C2MM,AGT-GX1XLRMUAS,Inbound Call,Phone,Transaccional,Transaccional,127.0,83.0,False,True,Neutral,0.07,argentine,mexican,True,,False,True
INT-BO0X3S4VAZVBRPZM,2025-03-15 17:11:33,2025-03-15,CLI-UXC2JMYN429F,AGT-ERRAQZDJDY,Inbound Call,Phone,Técnico,Técnico,243.0,111.0,False,True,Positivo,0.53,,,False,PRD-2LP14UVWMEPW,False,True
INT-317TTLBSVV5JF5XR,2025-03-15 10:12:48,2025-03-15,CLI-91IX9O5Y00HJ,AGT-0ZKRYC3TIP,Inbound Call,Phone,Producto,Producto,277.0,78.0,True,False,Neutral,0.2,,,False,"PRD-Z6VUYD5JVTYP,PRD-NPRYB7R7MLUK",True,True
INT-SJAHT7TTDIBE3YJS,2025-03-15 12:50:59,2025-03-15,CLI-0FT48WJ9CK2D,AGT-DVVBAZK0MM,Inbound Call,Phone,Queja,Queja,803.0,65.0,True,True,Muy Positivo,0.91,argentine,argentine,False,,True,True
INT-S0T6MK5GGE50EZBE,2025-03-15 13:03:19,2025-03-15,CLI-H9RAOI9IN5FQ,AGT-TJ0RZV4GUF,Outbound Call,Phone,Técnico,Técnico,395.0,,False,True,Neutral,-0.08,,,False,"PRD-DOGH7EOHZE7T,PRD-YTWKPR5ZT7SD",False,True
INT-D9VHY7OTRHU2F6ZX,2025-03-15 18:43:55,2025-03-15,CLI-VVA7SN53BP74,AGT-9YYG4EPQAP,Inbound Call,Phone,Transaccional,Transaccional,254.0,163.0,True,True,Neutral,0.16,colombian,colombian,False,,False,True
INT-XYE8Y33ZU7OWU361,2025-03-15 16:53:42,2025-03-15,CLI-HO85PXO05ZFS,AGT-42595PIZVY,Video,App,Queja,Queja,484.0,,True,False,Neutral,-0.18,mexican,colombian,False,,False,True
INT-SF7N1ZQ4YDSF74B7,2025-03-15 10:07:16,2025-03-15,CLI-WFCUJKEDQB1V,AGT-265NTQ02ZF,Inbound Call,Phone,Producto,Producto,335.0,70.0,True,False,Neutral,0.21,mexican,mexican,False,,False,True
INT-POTQC9U83IJSAJFP,2025-03-15 22:47:07,2025-03-15,CLI-Q26GRFOYF78P,AGT-904VY7KN6S,Inbound Call,Phone,Producto,Producto,237.0,213.0,True,False,Negativo,-0.52,,,True,PRD-LVEF8IT74ZR5,False,True
INT-VBQ4AVRAOV7RCOPZ,2025-03-16 05:48:16,2025-03-15,CLI-M1AKCVZJ03XY,AGT-RI0LZ2D6YJ,Inbound Call,Phone,Técnico,Técnico,366.0,258.0,False,True,Negativo,-0.65,,,False,,False,True
INT-QPA1EAJH0UN76PEC,2025-03-15 13:56:25,2025-03-15,CLI-HI4M8KXQSDJX,AGT-EUE2HDH3QQ,Inbound Call,Phone,Técnico,Técnico,368.0,24.0,True,False,Neutral,0.29,argentine,argentine,False,,False,True
INT-IR3YSFANIL8O7ZCH,2025-03-16 05:52:01,2025-03-15,CLI-92VY8YXBK1RU,AGT-P7RT23V6BG,Inbound Call,Phone,Queja,Queja,354.0,172.0,False,True,Neutral,0.28,,,False,,False,True
INT-5A3OBJUV6EHZSDYQ,2025-03-16 02:55:18,2025-03-15,CLI-QEKJN730RDZT,AGT-K11V6ZB5VS,Inbound Call,Phone,Queja,Queja,434.0,108.0,False,True,Negativo,-0.34,colombian,colombian,False,,False,True
INT-KEYNJG6AHJR8JY8N,2025-03-15 15:44:48,2025-03-15,CLI-8DWASNOK3L9P,AGT-36I8H8V3IO,Inbound Call,Phone,Producto,Producto,242.0,87.0,True,False,Muy Negativo,-0.78,colombian,colombian,False,"PRD-8URGBH2N1GS0,PRD-FDD3ZQUAU0IZ,PRD-VWJ6F2PDDF49",False,True
INT-NM5K3TYSV4Y5U0BL,2025-03-15 19:52:41,2025-03-15,CLI-UOTN32NSBLLL,AGT-H4A9IXOK25,Inbound Call,Phone,Comercial,Comercial,700.0,0.0,True,False,Neutral,-0.22,,,False,,False,True
INT-47E8EIONNLK0QNCO,2025-03-15 09:42:22,2025-03-15,CLI-UKWXU1EY989M,AGT-K2ZF1JO9HT,Inbound Call,Phone,Queja,Queja,583.0,43.0,True,False,Positivo,0.32,mexican,mexican,False,,False,True
INT-9EM94XREA1VCGD4E,2025-03-16 03:22:07,2025-03-15,CLI-893Q5QZCKSIM,AGT-LWI6FT9AYN,Inbound Call,Phone,Transaccional,Transaccional,375.0,162.0,True,False,Neutral,-0.05,colombian,mexican,False,,True,True
INT-68U2QJUIAUSHLU7I,2025-03-16 06:29:07,2025-03-15,CLI-CKGENIJ9JZ17,AGT-HYDP944R1T,Email,Email,Transaccional,Transaccional,,,True,False,Neutral,0.28,colombian,colombian,True,,False,False
INT-YQT53XAASYEGDCFQ,2025-03-16 01:18:05,2025-03-15,CLI-GLUIT0M414ZW,AGT-QZGRW0TABQ,Inbound Call,Phone,Transaccional,Transaccional,175.0,159.0,True,False,Neutral,-0.11,mexican,mexican,False,,False,True
INT-KVJ1QTLP35EN11TF,2025-03-16 03:05:05,2025-03-15,CLI-VS4DRBS5R1YX,AGT-ZG4P6VMP0M,Inbound Call,Phone,Queja,Queja,381.0,67.0,False,True,Neutral,-0.09,mexican,mexican,False,PRD-11WUNH9J8057,False,True
INT-LRJSBA2BE47WJH72,2025-03-16 00:32:59,2025-03-15,CLI-Q1DP05X57JYC,AGT-I2PACZNZ4Y,Outbound Call,Phone,Producto,Producto,198.0,,True,False,Neutral,0.1,colombian,colombian,True,"PRD-QC2F4EK2N5BQ,PRD-Z9PRDW18NTJV",False,True
INT-JVH19AB2AF6CQPLG,2025-03-15 09:40:15,2025-03-15,CLI-EVSQXMFSR3WJ,AGT-ZKZMQJ4VSL,Inbound Call,Phone,Transaccional,Transaccional,302.0,106.0,True,False,Neutral,-0.16,argentine,argentine,False,"PRD-46SYMDN6YZXL,PRD-F76RZRWOMW8B,PRD-0KCYFDT4VEAQ",False,True
INT-D1O5B2GG0OXHTD0W,2025-03-15 15:23:43,2025-03-15,CLI-H0Q2KLAEFXAB,AGT-5QGYHBW01W,Inbound Call,Phone,Producto,Producto,209.0,252.0,True,False,Neutral,-0.06,colombian,argentine,False,,True,True
INT-6349ENVE77D24I3H,2025-03-15 10:42:35,2025-03-15,CLI-N72KGPGK6UZT,AGT-0HSFPWDJF1,Chat,Web Chat,Comercial,Comercial,,,False,True,Negativo,-0.49,,,False,,False,False
INT-LJYKCCFSFV8GUO4M,2025-03-15 16:05:16,2025-03-15,CLI-5SXNO4ISDT6F,AGT-GE3FND5X2T,Outbound Call,Phone,Producto,Producto,275.0,,False,True,Neutral,-0.12,argentine,argentine,False,,False,True
INT-BNO1922OCT9CMHZA,2025-03-15 14:36:31,2025-03-15,CLI-H23CTLECXKL8,AGT-DFWMTQOSYP,Inbound Call,Phone,Queja,Queja,267.0,184.0,True,False,Negativo,-0.67,,,True,,False,True
INT-ZYGF8SZR9U1URBGZ,2025-03-16 07:35:43,2025-03-15,CLI-CUW6DU12F381,AGT-LE0LUR1Y4Z,Inbound Call,Phone,Producto,Producto,153.0,57.0,True,False,Muy Negativo,-0.79,,,False,"PRD-9FXDOBOK0LUY,PRD-OWMHHGMJQEHE,PRD-U9OSBOX8B5UN",True,True
INT-1URT3Z9QNDH6B4W5,2025-03-16 00:11:14,2025-03-15,CLI-YMPDY1MDTD3G,AGT-PFD0CBGK7V,Inbound Call,Phone,Transaccional,Transaccional,140.0,177.0,False,True,Neutral,-0.07,mexican,mexican,False,,True,True
INT-Y8BHG0LL8Z9376J1,2025-03-15 21:50:29,2025-03-15,CLI-TAPRKDHZB0T4,AGT-TXE9ZY1OJ4,Email,Email,Producto,Producto,,,True,False,Muy Negativo,-0.79,,,False,PRD-8DD7MZOFQVQ5,False,False
INT-D2MNZ0WU82O07GZO,2025-03-15 16:37:08,2025-03-15,CLI-KHVSDB6PLCD9,AGT-0UA5E2DG3G,Inbound Call,Phone,Comercial,Comercial,347.0,177.0,True,False,Neutral,-0.15,,,False,,False,True
INT-PV5Z1HIUUF55NRF9,2025-03-15 13:28:01,2025-03-15,CLI-7EYZZLLKOI89,AGT-7YHGZDPWRS,Inbound Call,Phone,Transaccional,Transaccional,197.0,201.0,True,False,Neutral,0.07,,,False,,False,True
INT-5G76PZGR0L4DVISS,2025-03-15 20:24:01,2025-03-15,CLI-WD5HH212N5LB,AGT-YMZKRGSJNL,Inbound Call,Phone,Queja,Queja,411.0,68.0,False,True,Neutral,0.13,mexican,argentine,False,,False,True
INT-UMHGHS6WR5PBX5ES,2025-03-15 17:16:33,2025-03-15,CLI-VKLYNWTLXUJS,AGT-GEHE8V9YO8,Inbound Call,Phone,Queja,Queja,498.0,127.0,False,True,Negativo,-0.36,,,False,,False,True
INT-7B70FRV97I1YKPRU,2025-03-15 14:26:40,2025-03-15,CLI-4ATSURRCNB2V,AGT-C6RUPPZPMR,Inbound Call,Phone,Transaccional,Transaccional,180.0,195.0,True,False,Neutral,-0.02,mexican,mexican,True,,False,True
INT-W4BJCEMKA4JWHP1Y,2025-03-16 04:30:20,2025-03-15,CLI-CA0NH3C64JPT,AGT-6XP3TGQ4QT,Inbound Call,Phone,Técnico,Técnico,395.0,153.0,True,False,Neutral,-0.06,,,False,,False,True
INT-T7QY8UJG9LRIL7R9,2025-03-15 16:31:12,2025-03-15,CLI-BX92BPUAB0LH,AGT-3F5II193NQ,Inbound Call,Phone,Técnico,Técnico,419.0,67.0,True,False,Negativo,-0.38,colombian,mexican,False,PRD-TLJ5KHKQTFH5,False,True
INT-FCZTCZ26GAM3724M,2025-03-15 21:18:52,2025-03-15,CLI-7WP8CQRJBXH3,AGT-5A7COUI9W1,Inbound Call,Phone,Transaccional,Transaccional,283.0,173.0,True,False,Neutral,-0.22,,,False,PRD-FR2FDTMBGAAZ,False,True
INT-GP9QZOM69SYLHY9A,2025-03-15 23:39:46,2025-03-15,CLI-L1GBEM803OG5,AGT-V6HEZNUZJC,Chat,WhatsApp,Transaccional,Transaccional,,,True,False,Neutral,-0.26,mexican,mexican,False,"PRD-64F1Z3RU96ER,PRD-X0Z7QRSDSXID,PRD-CBUPCK9EC81Y",True,False
INT-GLYTTHT2Z01IK9BK,2025-03-15 12:10:09,2025-03-15,CLI-OQV5NCB9WDG6,AGT-P6ZSI9FXVT,Inbound Call,Phone,Queja,Queja,498.0,130.0,False,True,Muy Negativo,-0.86,mexican,mexican,False,,False,True
INT-C040GB3M6TKH9W3M,2025-03-15 09:49:53,2025-03-15,CLI-AADYVX2QIFY5,AGT-FIE8TXT3PM,Inbound Call,Phone,Queja,Queja,205.0,114.0,True,False,Negativo,-0.68,,,False,"PRD-OT5L9YJAYRXU,PRD-QZN6FHUEREGJ,PRD-D9LLMAH7LYMJ",False,True
INT-TN32W0A5SDJZ9ZDJ,2025-03-15 20:17:14,2025-03-15,CLI-XL45TILBDRMC,AGT-HAN56V24NZ,Outbound Call,Phone,Producto,Producto,149.0,,True,False,Negativo,-0.42,colombian,colombian,False,,False,True
INT-WJYMC0OL2XLLAHXM,2025-03-15 20:59:25,2025-03-15,CLI-2MQCQBMSQQ35,AGT-AUPZRFB0OO,Inbound Call,Phone,Transaccional,Transaccional,290.0,103.0,True,False,Neutral,0.07,colombian,argentine,False,,False,True
INT-VNBX806RBMUDERXB,2025-03-15 08:21:58,2025-03-15,CLI-LHRTNT7Z2M9H,AGT-HWATBOOPXF,Inbound Call,Phone,Producto,Producto,383.0,128.0,True,False,Neutral,0.28,mexican,mexican,False,,False,True
INT-AI96Q24IYDD25PS1,2025-03-15 12:24:18,2025-03-15,CLI-NECRDWRE77SO,AGT-DBEGJGWYVE,Chat,Web Chat,Queja,Queja,,,False,True,Neutral,0.19,mexican,mexican,False,,False,False
INT-XD3Z1SHDXB4KMNCH,2025-03-15 11:57:44,2025-03-15,CLI-N4BQG53PFUUR,AGT-FRAJBL87DS,Inbound Call,Phone,Técnico,Técnico,302.0,99.0,True,False,Muy Negativo,-0.82,colombian,colombian,False,,False,True
INT-5SYBJ2W4M7T4LEPK,2025-03-15 20:48:28,2025-03-15,CLI-FQZ3S0DFI6NK,AGT-FA9EKIAVXG,Inbound Call,Phone,Técnico,Técnico,373.0,146.0,True,False,Muy Positivo,0.76,,,False,PRD-3O0PGYY2OSFC,False,True
INT-KXDS3LFQZW8OMPCO,2025-03-16 01:04:25,2025-03-15,CLI-UTRKUASU52V4,AGT-YEHDH59WDI,Inbound Call,Phone,Transaccional,Transaccional,233.0,275.0,True,False,Neutral,-0.25,,,False,PRD-OU86ULHR7NSN,True,True
INT-5NI95U5MURZ7JFB5,2025-03-15 10:41:16,2025-03-15,CLI-SFBAS35B8FNZ,AGT-OST7AX31MF,Video,Web,Queja,Queja,225.0,,False,True,Negativo,-0.37,,,False,,False,True
INT-3IZSNMWPBAFA8KY0,2025-03-15 08:04:24,2025-03-15,CLI-KDVSSEHKEOUR,AGT-VPGMWBYXFI,Inbound Call,Phone,Transaccional,Transaccional,269.0,130.0,False,True,Neutral,-0.09,,,False,,False,True
INT-EAA3Y0V4ZO9RA34C,2025-03-15 09:56:57,2025-03-15,CLI-LSUT5U140JW9,AGT-MV9CYF5934,Inbound Call,Phone,Transaccional,Transaccional,318.0,153.0,True,True,Neutral,-0.08,mexican,mexican,True,,False,True
INT-JFBMEG47IJ2202RT,2025-03-15 12:47:05,2025-03-15,CLI-AECOFZ2Q4F5L,AGT-01T1LJ1M61,Inbound Call,Phone,Técnico,Técnico,84.0,187.0,True,False,Muy Negativo,-0.76,,,False,,False,True
INT-HSMS4WGQKSU505GE,2025-03-16 05:41:23,2025-03-15,CLI-CBHV7LXFL9RP,AGT-UO6O5BGYNF,Inbound Call,Phone,Transaccional,Transaccional,192.0,210.0,True,False,Neutral,-0.03,mexican,mexican,True,"PRD-8T17B35IQXIR,PRD-NITC8IZ1VRMP,PRD-QBKDMG8AL70U",True,True
INT-0TTEKX3DW4HF078H,2025-03-15 09:49:14,2025-03-15,CLI-8RS5SUNJQW0X,AGT-HXJTIF9ZMH,Inbound Call,Phone,Comercial,Comercial,528.0,83.0,False,True,Positivo,0.4,,,False,"PRD-Q6KEC6QNIU30,PRD-VGJ7A6LBY6GV",False,True
INT-GVXF28A7CA4Y6D16,2025-03-16 06:59:25,2025-03-15,CLI-4TAIOS2VUA0L,AGT-NO19RXC65N,Inbound Call,Phone,Transaccional,Transaccional,196.0,141.0,True,False,Neutral,0.15,argentine,argentine,False,,False,True
INT-A9IY2CFGCRYGSMX8,2025-03-15 18:22:40,2025-03-15,CLI-GJSUXBYNVHVQ,AGT-IB1X9BWBN2,Inbound Call,Phone,Transaccional,Transaccional,151.0,47.0,True,True,Neutral,-0.3,colombian,colombian,False,,False,True
INT-RN3ZSWSP225XEDY9,2025-03-15 16:36:55,2025-03-15,CLI-VRCOFD7W2GSU,AGT-LW5BLOM0FA,Outbound Call,Phone,Transaccional,Transaccional,344.0,,True,False,Neutral,-0.01,mexican,mexican,False,"PRD-HIARQKZA4G6R,PRD-ZEYEHZMM4YF6,PRD-HRVXJVDVF96Y",False,True
INT-NSGRM6X1GZYS8U05,2025-03-15 14:45:05,2025-03-15,CLI-W10K7017AJRJ,AGT-QXV7HN47JJ,Inbound Call,Phone,Queja,Queja,341.0,91.0,True,False,Negativo,-0.64,colombian,colombian,False,,False,True
INT-3JUIBXE2RARU39H4,2025-03-15 14:24:04,2025-03-15,CLI-GY6HAB53QDPN,AGT-QI5O1LEA1K,Inbound Call,Phone,Transaccional,Transaccional,199.0,20.0,True,False,Neutral,-0.22,mexican,argentine,False,"PRD-KJRXSBR6S5SC,PRD-9GI3JU0HX0TZ",True,True
INT-1Q9FK5TMAU3M8BJS,2025-03-15 17:34:23,2025-03-15,CLI-UEF7B6OVCRXD,AGT-ELV4R7G13O,Outbound Call,Phone,Queja,Queja,388.0,,True,False,Neutral,0.28,argentine,argentine,False,,False,True
INT-J0NOVYW9NASJR086,2025-03-15 12:36:37,2025-03-15,CLI-M5TWZPY1GB9W,AGT-7U616EYKJ3,Inbound Call,Phone,Transaccional,Transaccional,176.0,67.0,True,False,Neutral,0.08,colombian,mexican,True,PRD-5CI2ZAYSUAVC,False,True
INT-IG6PIM31NXQE0QBT,2025-03-15 19:34:24,2025-03-15,CLI-GUNI9K7N02GS,AGT-J05KMZT48E,Inbound Call,Phone,Técnico,Técnico,598.0,165.0,False,True,Positivo,0.46,mexican,mexican,False,PRD-0CSS8V2TDX11,False,True
INT-LWKA0RWGWU94DBZZ,2025-03-16 05:23:31,2025-03-15,CLI-GECNU751EXXL,AGT-L3EZA710VC,Inbound Call,Phone,Transaccional,Transaccional,185.0,250.0,True,True,Neutral,0.22,,,True,,False,True
INT-PC1V64VCBUD46JN5,2025-03-15 13:36:34,2025-03-15,CLI-93KCPRDRWCK5,AGT-MG70CMDJPJ,Outbound Call,Phone,Transaccional,Transaccional,262.0,,True,False,Neutral,-0.04,,,False,"PRD-NX7TK312ECBL,PRD-F1JOA9Q2AOCF",False,True
INT-TL7SOMT7564K88L0,2025-03-15 11:44:25,2025-03-15,CLI-QGMC33OUKUHG,AGT-AY5LPIBFMB,Outbound Call,Phone,Técnico,Técnico,395.0,,True,False,Positivo,0.59,mexican,colombian,False,"PRD-2WT3D718ZHCS,PRD-OIBUMOVRGL1L",False,True
INT-6GKEJXDMHJLB6WG7,2025-03-16 06:14:45,2025-03-15,CLI-3WFU381ITEWP,AGT-X775H4RLEY,Inbound Call,Phone,Queja,Queja,557.0,147.0,False,True,Negativo,-0.47,colombian,colombian,False,,False,True
INT-HPEQQCI6MVPOZBS8,2025-03-15 09:47:54,2025-03-15,CLI-ZVZFOB1NKS0T,AGT-LZE1XD1GMT,Inbound Call,Phone,Producto,Producto,348.0,173.0,True,False,Neutral,-0.02,mexican,colombian,False,,False,True
INT-NHIDW9HFZZ1OMFAW,2025-03-16 04:40:35,2025-03-15,CLI-IDBLNV1N6V5D,AGT-Y5XAVCJL64,Inbound Call,Phone,Transaccional,Transaccional,101.0,112.0,True,True,Neutral,-0.1,,,False,"PRD-S5S2MZAQON4A,PRD-U5JZKH78KT8H",False,True
INT-3VHMZJ8UFKPVECQR,2025-03-16 02:40:50,2025-03-15,CLI-RRZOHS53GM15,AGT-QZGRW0TABQ,Outbound Call,Phone,Queja,Queja,326.0,,True,True,Negativo,-0.37,mexican,mexican,False,"PRD-53HLBBQTMGDT,PRD-HIC2FDD4XG8M,PRD-R6M392VHWXMQ",False,True
INT-K95X0IRSX26SB2VN,2025-03-15 09:05:12,2025-03-15,CLI-MNUN3X68MLZR,AGT-Y8C36091GU,Inbound Call,Phone,Transaccional,Transaccional,260.0,158.0,True,True,Neutral,0.01,argentine,argentine,False,,False,True
INT-X4BIPLVCUU6FJ8E6,2025-03-16 03:02:28,2025-03-15,CLI-2YPKV14D2CQS,AGT-HVLXTQA5YL,Inbound Call,Phone,Queja,Queja,271.0,105.0,True,False,Neutral,0.08,colombian,argentine,False,,False,True
INT-OXX2VSHPZNAXGCYF,2025-03-15 15:41:34,2025-03-15,CLI-ICIFYUHPWXOK,AGT-KUIILLCOPA,Outbound Call,Phone,Técnico,Técnico,522.0,,True,False,Neutral,-0.09,colombian,argentine,False,PRD-OIGF2YYYSGH8,True,True
INT-Z3WUV03DHC2K1U68,2025-03-16 06:24:35,2025-03-15,CLI-NKE54EI52EWG,AGT-ATT07XYOTE,Email,Email,Queja,Queja,,,False,True,Negativo,-0.32,argentine,argentine,False,"PRD-UWXSXAXB2H2T,PRD-NOTE4VPS7DWP",True,False
INT-IZOFJ18CP1PFDPYU,2025-03-15 10:30:49,2025-03-15,CLI-HAG4PB4XLIYF,AGT-H01EG2K29X,Inbound Call,Phone,Queja,Queja,443.0,160.0,False,True,Neutral,0.11,argentine,argentine,False,"PRD-V3XODK9AVAY9,PRD-5K8YXBV0UHAS",False,True
INT-PFOKR298UMBKO3O1,2025-03-15 15:01:03,2025-03-15,CLI-2HXTWTPFT42B,AGT-FDLM1Q1ROE,Outbound Call,Phone,Transaccional,Transaccional,48.0,,True,False,Neutral,0.3,,,False,PRD-ZQ7OW0NJ1I1B,True,True
INT-NW0VS2EE204ERRW8,2025-03-16 02:08:53,2025-03-15,CLI-DSYECDJW0UVM,AGT-S6T0KJTHIL,Inbound Call,Phone,Retención,Retención,436.0,181.0,False,True,Negativo,-0.36,colombian,colombian,False,,False,True
INT-FXM2FJLMYN90LM6S,2025-03-16 01:12:26,2025-03-15,CLI-GNEWNG5A5314,AGT-XQJHLJ5CHC,Inbound Call,Phone,Queja,Queja,631.0,0.0,True,False,Negativo,-0.44,colombian,colombian,False,"PRD-L0WJOIPDRA24,PRD-VY40Z978SFMK",True,True
INT-7NHVGL6VQILMLEU5,2025-03-15 23:54:31,2025-03-15,CLI-1WZ6YTZGBWRP,AGT-BRE55A738K,Inbound Call,Phone,Queja,Queja,631.0,162.0,True,False,Neutral,-0.19,argentine,mexican,False,,False,True
INT-8FE69PET7UA748X1,2025-03-16 04:21:00,2025-03-15,CLI-YKLXM2O1DFD9,AGT-V9MAWPQ7HZ,Inbound Call,Phone,Transaccional,Transaccional,212.0,118.0,True,True,Neutral,-0.15,,,False,,False,True
INT-3UTLCH8K7SAPTRXP,2025-03-15 17:54:05,2025-03-15,CLI-RLJTNW0DUXU2,AGT-2D9REX8DAW,Inbound Call,Phone,Producto,Producto,308.0,57.0,True,True,Neutral,-0.08,mexican,mexican,False,"PRD-KEYB5OAF6UJB,PRD-XWUR9KUJ592F,PRD-D8MQ828T6VOG",False,True
INT-8WT7PH4XNFTCWFNG,2025-03-15 16:15:41,2025-03-15,CLI-I3GMQYVIMAL3,AGT-YD75PME3W5,Inbound Call,Phone,Técnico,Técnico,322.0,239.0,False,True,Muy Positivo,0.81,mexican,mexican,False,,False,True
INT-A6TCA2YKG6PK072D,2025-03-16 04:31:26,2025-03-15,CLI-ZKRFNPGQSNDI,AGT-Q97AQ8XCJF,Inbound Call,Phone,Transaccional,Transaccional,83.0,137.0,True,False,Neutral,-0.27,mexican,mexican,False,"PRD-CRW429AL8PBK,PRD-SIZ1JXP2EI2N",False,True
INT-01OX0H5GQWSOHJHD,2025-03-15 11:30:44,2025-03-15,CLI-YZQ8NFISJUEB,AGT-GL138CSY0G,Outbound Call,Phone,Queja,Queja,420.0,,False,True,Positivo,0.64,mexican,mexican,False,PRD-AF379733E166,True,True
INT-8VY0MHSEUAWXRN1O,2025-03-16 05:28:25,2025-03-15,CLI-WMCP2QROF1Q3,AGT-ZS742EP7U6,Inbound Call,Phone,Técnico,Técnico,283.0,74.0,False,True,Neutral,-0.15,,,False,,True,True
INT-QOY5V61SODJBNJUE,2025-03-16 07:09:10,2025-03-15,CLI-R4MTRWN1L0MV,AGT-INOBA0VR4Q,Inbound Call,Phone,Técnico,Técnico,462.0,79.0,False,True,Positivo,0.38,argentine,argentine,False,,True,True
INT-CK75GG64WMUF244Q,2025-03-15 08:19:12,2025-03-15,CLI-U02KBZLFOO94,AGT-OXGDKDP90E,Outbound Call,Phone,Producto,Producto,237.0,,True,False,Neutral,-0.02,mexican,colombian,False,,False,True
INT-MDW2OBLCZD2TNE9Y,2025-03-16 04:30:51,2025-03-15,CLI-YJBKSYHR3WC8,AGT-B037R3NAN1,Outbound Call,Phone,Producto,Producto,352.0,,True,False,Negativo,-0.63,argentine,argentine,False,"PRD-CTF897HVSLAN,PRD-7SJKZT7VMKUR,PRD-A08AQPYYPWGW",True,True
INT-J3UPBH0284K69HU2,2025-03-15 17:32:14,2025-03-15,CLI-9EI5MYJFSACQ,AGT-61TCM0PLR7,Outbound Call,Phone,Queja,Queja,252.0,,False,True,Muy Positivo,0.83,argentine,argentine,False,"PRD-ENT054HR8V2W,PRD-448R0VS5I9RS,PRD-L4M93LYGYPC5",False,True
INT-MBIW1NVPFJJGNZRW,2025-03-15 14:17:36,2025-03-15,CLI-2KHVJW0ZYD3S,AGT-JCQPNEURE8,Inbound Call,Phone,Transaccional,Transaccional,288.0,100.0,True,False,Neutral,-0.26,colombian,colombian,False,PRD-0B35IM0TJ2FT,False,True
INT-VSLEFU8QAP35ND10,2025-03-15 08:13:43,2025-03-15,CLI-VK1UHB1TJHYX,AGT-MCGNTSXO28,Inbound Call,Phone,Producto,Producto,123.0,44.0,True,False,Neutral,0.05,mexican,mexican,False,,False,True
INT-DKANP43VOC6GT242,2025-03-15 13:27:10,2025-03-15,CLI-7VP3GQ20QJSS,AGT-YLWHHOSM0W,Inbound Call,Phone,Técnico,Técnico,392.0,58.0,False,True,Neutral,-0.05,mexican,mexican,False,,False,True
INT-64I0JMI9PBBVO4KQ,2025-03-15 18:52:38,2025-03-15,CLI-Q5E1306DT16Y,AGT-W2DEB9GVSM,Inbound Call,Phone,Queja,Queja,444.0,113.0,False,True,Neutral,-0.21,colombian,colombian,False,,False,True
INT-5PTU9LXXFUU8EOPW,2025-03-15 12:20:26,2025-03-15,CLI-NBCI65V6M4WK,AGT-XUBJTI8AW5,Chat,App,Transaccional,Transaccional,,,True,True,Neutral,0.06,colombian,colombian,False,PRD-3BABY7FV2FBD,True,False
INT-JKKUFEO2IGFMBHWA,2025-03-15 10:57:26,2025-03-15,CLI-LZEJM7HJZQ6K,AGT-P0R6W0FYK1,Inbound Call,Phone,Transaccional,Transaccional,206.0,81.0,True,False,Neutral,-0.1,mexican,mexican,True,"PRD-BWMHYYE233XF,PRD-QQ3R2EULLHGK",False,True
INT-A55QYQZO5IGER4QH,2025-03-15 12:35:33,2025-03-15,CLI-IPYM9VJSIZLK,AGT-4ZRJ45ERIZ,Inbound Call,Phone,Técnico,Técnico,343.0,62.0,True,False,Negativo,-0.64,,,False,,False,True
INT-6H0TWOI3G0QPBW3X,2025-03-15 22:54:50,2025-03-15,CLI-0YGZYJ3FRV0Y,AGT-HXRF7GKPTC,Inbound Call,Phone,Técnico,Técnico,461.0,63.0,True,False,Positivo,0.58,,,False,,True,True
INT-LGWXJA2IS89KK4OJ,2025-03-16 04:56:40,2025-03-15,CLI-PJFKJZKTILDP,AGT-TE0VSZWQTW,Inbound Call,Phone,Transaccional,Transaccional,629.0,91.0,True,True,Neutral,-0.03,mexican,mexican,False,,True,True
INT-EDED5P325UGUNUPI,2025-03-16 07:49:06,2025-03-15,CLI-O97R31DH4ZYZ,AGT-S2G1OMBABG,Outbound Call,Phone,Técnico,Técnico,400.0,,True,False,Positivo,0.52,mexican,mexican,False,"PRD-G3SI0OXKD9O1,PRD-44QKGMK4XQ7J,PRD-8LW7JBKMTQD2",True,True
INT-HJDT2H5BRET3CBUV,2025-03-16 00:36:01,2025-03-15,CLI-VMNCEFXERTUG,AGT-5FYIMNGMBG,Inbound Call,Phone,Comercial,Comercial,364.0,0.0,False,True,Muy Positivo,0.8,,,False,,False,True
INT-RYT59YVI1126NBSG,2025-03-15 23:58:31,2025-03-15,CLI-OAZKPU3DHFQ5,AGT-4R60WIH6RO,Inbound Call,Phone,Producto,Producto,252.0,64.0,False,True,Neutral,-0.02,argentine,mexican,False,,False,True
INT-P9S591AWD6UKACEX,2025-03-16 07:41:09,2025-03-15,CLI-2SNJULL76MVX,AGT-ODN9VO7OYD,Inbound Call,Phone,Transaccional,Transaccional,410.0,32.0,True,False,Neutral,0.11,mexican,mexican,False,,True,True
INT-M1SSXASF5DSETI59,2025-03-15 15:21:51,2025-03-15,CLI-7W0648OX9HTI,AGT-KMZE7JK6KH,Inbound Call,Phone,Queja,Queja,604.0,67.0,False,True,Positivo,0.61,mexican,mexican,False,,True,True
INT-MZ83ZRT8R8BE9L3N,2025-03-16 02:13:20,2025-03-15,CLI-KXXBXT3U1RAF,AGT-Q4ZVLPZQ5R,Inbound Call,Phone,Transaccional,Transaccional,151.0,68.0,True,False,Neutral,-0.04,,,False,PRD-XV7UVXG6S32S,True,True
INT-X7TL62RDDIB5EYVN,2025-03-16 00:51:31,2025-03-15,CLI-ERMOJWRVR7RQ,AGT-ECPPYMNG3G,Outbound Call,Phone,Transaccional,Transaccional,348.0,,True,False,Neutral,-0.1,mexican,mexican,False,,False,True
INT-454UOEZBUA16858L,2025-03-15 11:24:16,2025-03-15,CLI-7ZMDHP185DQZ,AGT-B4BYFBWKP0,Inbound Call,Phone,Producto,Producto,169.0,104.0,True,True,Muy Negativo,-0.94,,,True,"PRD-U5E9S20K6GL1,PRD-DQB5YZJ425BG,PRD-5IRJVYG4B7FM",False,True
INT-ZGV7FLHNDM2GJNQM,2025-03-15 14:59:18,2025-03-15,CLI-FD1ADAR5YVMO,AGT-RAIJ7RHMBA,Inbound Call,Phone,Transaccional,Transaccional,147.0,54.0,True,False,Neutral,-0.27,argentine,colombian,False,,True,True
INT-UBHN7RLP2Q03CTZO,2025-03-16 03:54:02,2025-03-15,CLI-040HVOSSNTFD,AGT-OUFV7MHOLX,Inbound Call,Phone,Queja,Queja,224.0,50.0,False,True,Negativo,-0.47,mexican,mexican,False,,False,True
INT-PS23T97IP80D4XO6,2025-03-16 06:22:27,2025-03-15,CLI-F8ECBIXKDQCD,AGT-5RHY2PG248,Inbound Call,Phone,Producto,Producto,255.0,78.0,True,False,Muy Negativo,-0.75,mexican,mexican,False,"PRD-N3BZGJFF4OXJ,PRD-CJV98TBS69QD,PRD-DZ9NJ7V8QYHX",False,True
INT-F84N571F6FPO26RT,2025-03-15 12:12:24,2025-03-15,CLI-O2MFFRGEVULL,AGT-HWATBOOPXF,Inbound Call,Phone,Técnico,Técnico,401.0,214.0,False,True,Neutral,-0.21,colombian,colombian,True,PRD-G56JSM27HK9J,False,True
INT-6B420T2TXN5JCMVL,2025-03-15 18:35:11,2025-03-15,CLI-NLLEIZ35F0NA,AGT-A8I1YTWT37,Inbound Call,Phone,Queja,Queja,293.0,52.0,True,False,Neutral,0.28,argentine,argentine,False,,False,True
INT-XZS67YSU4Y0TSDEJ,2025-03-15 15:19:24,2025-03-15,CLI-15GG06U3ZTXD,AGT-K2UMII2DZE,Outbound Call,Phone,Transaccional,Transaccional,209.0,,True,False,Neutral,0.27,colombian,colombian,False,,False,True
INT-ZCQEU3W8L6JND8BA,2025-03-16 07:37:29,2025-03-15,CLI-MFS3W24YGP4U,AGT-Z6N2FYD0RW,Inbound Call,Phone,Transaccional,Transaccional,259.0,176.0,True,False,Neutral,0.03,mexican,mexican,False,,False,True
INT-DC7JRUONPWIEZ25B,2025-03-16 06:59:30,2025-03-15,CLI-95ZSLGYKU348,AGT-AAM9ILQP8J,Outbound Call,Phone,Producto,Producto,244.0,,True,False,Neutral,-0.09,,,False,,False,True
INT-7W9KJ4GXFI6U3WG7,2025-03-15 22:09:17,2025-03-15,CLI-9OGTCMNUH6GL,AGT-FY0JTX0WX4,Chat,Web Chat,Retención,Retención,,,True,False,Neutral,0.01,mexican,mexican,False,,False,False
INT-1LPZLJQ8HPGKIGTN,2025-03-15 13:35:32,2025-03-15,CLI-6ZWOY3U7QSW0,AGT-CG3PF9BZHZ,Inbound Call,Phone,Producto,Producto,339.0,129.0,True,False,Neutral,0.26,mexican,mexican,False,PRD-19JBD7E4460Y,False,True
INT-HQWBBMKOQGGWS7O4,2025-03-15 21:31:08,2025-03-15,CLI-XA2MF2EBZH5L,AGT-0HSFPWDJF1,Inbound Call,Phone,Transaccional,Transaccional,222.0,221.0,True,False,Neutral,0.21,colombian,colombian,False,,False,True
INT-JVA4DKQ807503UAX,2025-03-15 09:01:21,2025-03-15,CLI-43ZPOGYRYMI4,AGT-19AY9LXE9C,Inbound Call,Phone,Transaccional,Transaccional,307.0,26.0,True,False,Neutral,0.03,argentine,argentine,False,,False,True
INT-MSI4NKEYG7B0345A,2025-03-15 10:22:03,2025-03-15,CLI-UQXDZR3ZE8TY,AGT-1MJ1VGXYXN,Inbound Call,Phone,Producto,Producto,355.0,129.0,True,False,Muy Positivo,0.99,colombian,colombian,True,"PRD-HH6TKWNB8ON8,PRD-9B09CCTGYWNP",False,True
INT-UKD6FITT0U18CT97,2025-03-16 05:26:59,2025-03-15,CLI-7FHCNVFV7WFW,AGT-VH85MHQK8R,Inbound Call,Phone,Transaccional,Transaccional,178.0,172.0,False,True,Neutral,0.17,mexican,mexican,False,PRD-0EVFKKXQYCPS,False,True
INT-EHVT8FLTY6NE6ZWF,2025-03-15 12:51:13,2025-03-15,CLI-6U4YG4DL6K0I,AGT-RUOSBHQ9OT,Inbound Call,Phone,Técnico,Técnico,287.0,203.0,True,False,Neutral,0.24,mexican,mexican,False,,False,True
INT-CU7C4KC3P6YWOMGW,2025-03-15 18:16:21,2025-03-15,CLI-RKZUJ8WML1ZK,AGT-KCVV5R760L,Inbound Call,Phone,Transaccional,Transaccional,143.0,36.0,False,True,Neutral,0.0,colombian,colombian,True,"PRD-VKYVGRCZG6PD,PRD-F9GTV41BYTMJ,PRD-WIDML2DTMVSP",False,True
INT-3NK7MMN6OI1PPX1A,2025-03-15 09:10:22,2025-03-15,CLI-6QGZFQU4DRHR,AGT-GEHE8V9YO8,Outbound Call,Phone,Producto,Producto,345.0,,False,True,Positivo,0.42,,,True,PRD-OQNJLK2NV12D,False,True
INT-AYUG8LN7ACB2VR3G,2025-03-16 01:18:03,2025-03-15,CLI-54NXYLUOR517,AGT-9U9K7MKVAX,Email,Email,Producto,Producto,,,False,True,Positivo,0.61,mexican,mexican,False,,False,False
INT-77MOUTN7FULZDEMD,2025-03-15 15:49:55,2025-03-15,CLI-GX1H0J2VSSH1,AGT-1EML73X1U8,Inbound Call,Phone,Transaccional,Transaccional,141.0,0.0,True,False,Neutral,0.3,mexican,mexican,False,,False,True
INT-UMKVPP35KDDPIDGR,2025-03-15 22:37:02,2025-03-15,CLI-I9HUQ9IHGF8Q,AGT-EXKK12NKB9,Email,Email,Comercial,Comercial,,,True,False,Neutral,-0.12,colombian,colombian,False,,False,False
INT-0AB1JM8D20YL415K,2025-03-15 19:37:50,2025-03-15,CLI-D9NYI667H2ER,AGT-XBRLAWNT6Y,Outbound Call,Phone,Transaccional,Transaccional,157.0,,True,False,Neutral,-0.17,colombian,argentine,False,,False,True
INT-QSCCQ7JHX7MELQ24,2025-03-15 20:16:37,2025-03-15,CLI-IRW4K1SPVJ44,AGT-YHIM4ZODIK,Inbound Call,Phone,Técnico,Técnico,136.0,81.0,True,False,Neutral,-0.03,,,False,,False,True
INT-AEM0VWZ3RSSSC15M,2025-03-15 19:06:16,2025-03-15,CLI-8FLLHBHYOW3C,AGT-6KXS33Z4GI,Inbound Call,Phone,Transaccional,Transaccional,181.0,162.0,True,False,Neutral,-0.04,colombian,mexican,True,,True,True
INT-4ANTLDU0WNSADOKT,2025-03-16 05:11:22,2025-03-15,CLI-2KXQT6JN0BZL,AGT-7XS8GUBKR1,Inbound Call,Phone,Queja,Queja,536.0,33.0,True,False,Muy Negativo,-0.87,colombian,colombian,False,"PRD-I10KQW3LPYJF,PRD-YM2DYBAJST8J,PRD-WP9YXT41GUOR",True,True
INT-V97VIXBC66N8IF1L,2025-03-15 13:13:57,2025-03-15,CLI-MPX1F9CEROX0,AGT-XKNA4UGMBW,Outbound Call,Phone,Producto,Producto,318.0,,True,False,Neutral,0.03,,,False,,True,True
INT-VIBU3KC1I8370Y57,2025-03-15 18:25:49,2025-03-15,CLI-HU1XV3MLGB8J,AGT-P3D79O30AU,Email,Email,Técnico,Técnico,,,True,False,Neutral,-0.28,mexican,mexican,False,,False,False
INT-OXDLJAMIYKK4W4ZC,2025-03-16 00:58:46,2025-03-15,CLI-OARSN5ZTRJRU,AGT-I6R1T9IKUL,Email,Email,Producto,Producto,,,True,False,Neutral,0.26,mexican,colombian,False,"PRD-II8K52IQU0R7,PRD-XXYKGK1TSGRC",False,False
INT-RPVFH2FXA3GF6WKE,2025-03-16 06:02:50,2025-03-15,CLI-PURSNJ0HODSD,AGT-ELV4R7G13O,Inbound Call,Phone,Transaccional,Transaccional,157.0,69.0,True,False,Neutral,0.26,colombian,colombian,False,"PRD-D41L0VW3UJHW,PRD-85MKPTQK951U",False,True
INT-9Q4MCE51WQUXTD20,2025-03-15 17:20:18,2025-03-15,CLI-5NG212Y2ENPS,AGT-RB7B1VQ0JL,Inbound Call,Phone,Transaccional,Transaccional,190.0,121.0,True,False,Neutral,0.25,mexican,mexican,False,,False,True
INT-BZFPKCRJH3N0OXSN,2025-03-15 08:54:48,2025-03-15,CLI-PAQ2W5GS4X0R,AGT-R1TFEUGKSY,Inbound Call,Phone,Técnico,Técnico,240.0,194.0,True,False,Positivo,0.41,,,False,,True,True
INT-OWCCVIYRXTJMDOCL,2025-03-16 04:57:12,2025-03-15,CLI-FI3NLKG7ZWPT,AGT-Z1FRSK9T0T,Inbound Call,Phone,Transaccional,Transaccional,232.0,112.0,True,False,Neutral,-0.28,colombian,colombian,False,,False,True
INT-52EE1W9572U5FSYG,2025-03-16 05:52:59,2025-03-15,CLI-9WOO3TH413L2,AGT-PDS7BE8A8L,Outbound Call,Phone,Queja,Queja,620.0,,False,True,Negativo,-0.54,argentine,mexican,False,"PRD-WXWYRHTKSNK5,PRD-KLKXFON2Y0HD,PRD-BY8190039URH",True,True
INT-JYGW3REJLAW2367X,2025-03-15 10:13:30,2025-03-15,CLI-U7O0D0TGAV7R,AGT-XJKBDG6BI7,Outbound Call,Phone,Transaccional,Transaccional,348.0,,False,True,Neutral,0.08,mexican,argentine,True,,True,True
INT-IHUG7IBFDA9ZQW2D,2025-03-16 05:12:09,2025-03-15,CLI-1EZ5SBRPSXEQ,AGT-IZDFJFHSFH,Inbound Call,Phone,Producto,Producto,323.0,123.0,True,True,Neutral,-0.11,,,False,,False,True
INT-WNWJNI3IYTHK0CVV,2025-03-15 13:28:41,2025-03-15,CLI-I5F0GNFIJ8T8,AGT-U0ICPNUDA8,Outbound Call,Phone,Queja,Queja,415.0,,False,True,Neutral,-0.28,colombian,colombian,False,,True,True
INT-ON2K4TXGZTESFHX3,2025-03-15 23:09:55,2025-03-15,CLI-GI1QULHZYKIX,AGT-A1ZE8Q3U3C,Inbound Call,Phone,Producto,Producto,254.0,196.0,True,False,Neutral,-0.18,mexican,mexican,False,PRD-FMCJYVOJ34E6,False,True
INT-8EHOFDS2RHGHGXNP,2025-03-15 08:29:01,2025-03-15,CLI-33I4IKQMPESC,AGT-PNYK14IYR3,Inbound Call,Phone,Queja,Queja,515.0,258.0,False,True,Positivo,0.45,colombian,colombian,False,PRD-JJCB26N7G0BH,False,True
INT-Q6E38ZEKBPN9AC2V,2025-03-15 22:16:11,2025-03-15,CLI-9XM0SUHPC0F0,AGT-XVTFWL1STE,Outbound Call,Phone,Transaccional,Transaccional,479.0,,True,False,Neutral,0.19,mexican,argentine,False,,True,True
INT-D52FHA7QBE20JPNY,2025-03-15 12:49:34,2025-03-15,CLI-H7DHP3E21NN9,AGT-TSMBWDEGRX,Email,Email,Transaccional,Transaccional,,,True,False,Neutral,0.19,mexican,argentine,False,"PRD-XT0JLET3LQ27,PRD-0OPUHA5257XQ,PRD-1JQ946I9AHWQ",False,False
INT-SHYF39EVF2GH74R2,2025-03-15 10:48:45,2025-03-15,CLI-W2FJUMD7R9LG,AGT-QXV7HN47JJ,Outbound Call,Phone,Transaccional,Transaccional,179.0,,True,False,Neutral,0.2,mexican,mexican,False,,False,True
INT-OSZIHOAJ8DRMYXZD,2025-03-15 20:37:10,2025-03-15,CLI-2NW4ZJ4BEO9M,AGT-T6G3XMAHRJ,Outbound Call,Phone,Producto,Producto,290.0,,True,False,Positivo,0.4,colombian,colombian,False,,False,True
INT-1I5UV0OVKCN9ETQ7,2025-03-15 09:35:50,2025-03-15,CLI-Q2TCC6GGW0IX,AGT-M8CHINA9AC,Inbound Call,Phone,Técnico,Técnico,195.0,91.0,True,False,Positivo,0.54,argentine,mexican,False,,True,True
INT-YVI7NYWBKT05SB4N,2025-03-15 08:20:56,2025-03-15,CLI-XEWQGXPEYZ5I,AGT-Y4PTRJW4HG,Chat,WhatsApp,Transaccional,Transaccional,,,True,False,Neutral,-0.26,,,False,,True,False
INT-ILWYKHSXATC2O9TL,2025-03-15 16:46:30,2025-03-15,CLI-CD6PCQZ4XZW6,AGT-Y0QWOVC870,Inbound Call,Phone,Queja,Queja,508.0,106.0,True,False,Neutral,0.27,mexican,mexican,False,,False,True
INT-89J9NHGYQJW54VOI,2025-03-16 06:20:20,2025-03-15,CLI-C3BEKJ1ZXTIG,AGT-QW7EGGQH00,Inbound Call,Phone,Transaccional,Transaccional,116.0,91.0,True,False,Neutral,-0.14,,,False,PRD-CXKTUSJRKEDI,False,True
INT-0T94J06VOUICS892,2025-03-15 16:45:57,2025-03-15,CLI-SUDIYBY6LFMJ,AGT-O41ZQQO47Y,Inbound Call,Phone,Queja,Queja,840.0,71.0,False,True,Muy Positivo,0.92,,,False,,True,True
INT-05OZDCLD9QKZ9VDN,2025-03-16 07:57:44,2025-03-15,CLI-O8RA6TNLJJ94,AGT-9YREQYSI5H,Inbound Call,Phone,Producto,Producto,230.0,133.0,True,False,Neutral,0.21,mexican,mexican,False,PRD-P5ANG2BLPPQH,False,True
