complaint_id,creation_date,process_date,customer_id,case_type,category,subcategory,reception_channel,affected_product_id,related_branch_id,origin_interaction_id,description,claimed_amount,currency,priority,status,assigned_agent_id,assignment_date,first_response_date,resolution_date,closing_date,sla_breached,resolution_days,resolution,compensation_granted,resolution_satisfaction,is_repeat_complainer
CMP-D3JBVCLT56TANMUY6PRT,2025-03-16 03:03:54,2025-03-15,CLI-Y5HQCRXWZPCR,Complaint,Technical,Problema con app,Email,,,,Queja relacionada con technical,,,Low,Open,,,,,,False,,,,,False
CMP-V3ZM8IH4LB973CHA4282,2025-03-16 01:41:16,2025-03-15,CLI-TP4ENB5973Q5,Claim,Service,Calidad de servicio,Web,,,,Queja relacionada con service,,,High,In Process,AGT-F0YXXAXRAU,2025-03-16 04:41:16,2025-03-17 19:41:16,,,True,,,,,False
CMP-DJ8OUWRCIDHHWCK4PTLR,2025-03-15 12:13:40,2025-03-15,CLI-A25QVX6IGXMY,Claim,Transactions,Cargo no reconocido,Email,,,,Queja relacionada con transactions,,,Medium,In Process,AGT-BW757UDWLT,2025-03-15 21:13:40,2025-03-17 00:13:40,,,True,,,,,False
CMP-8DBYNCA7EZIIZ6GASPOT,2025-03-15 21:21:07,2025-03-15,CLI-6028TV3RCXLA,Claim,Branch,Atención en sucursal,Web,,SUC-RZNFZDVW,,Queja relacionada con branch,3752.44,USD,Medium,In Process,AGT-Q8MAAL7E8A,2025-03-16 17:21:07,2025-03-16 19:21:07,,,False,,,,,False
CMP-86KP59OC6R9DXPPORPQY,2025-03-15 15:50:46,2025-03-15,CLI-QDS18H3P55UT,Complaint,Branch,Atención en sucursal,Call Center,PRD-ADY18QAZ4LG8,SUC-NZJH5BG1,,Queja relacionada con branch,,,Low,Closed,AGT-Y8C36091GU,2025-03-16 11:50:46,2025-03-16 21:50:46,2025-03-25 15:50:46,2025-03-29 15:50:46,False,10.0,Se brindó explicación detallada al cliente y se resolvió la situación.,,1.0,True
CMP-SU2SOQHU9GX0WL0E2D6R,2025-03-16 06:28:30,2025-03-15,CLI-E7IQ92NL4WRA,Complaint,Service,Calidad de servicio,App,,SUC-AXDYB0RQ,,Queja relacionada con service,2350.88,ARS,High,In Process,AGT-D2H1LNA4JK,2025-03-16 13:28:30,2025-03-18 08:28:30,,,True,,,,,False
CMP-93AN2ZW5MUR751HEAID5,2025-03-16 05:20:59,2025-03-15,CLI-IS7JVXTI44I6,Complaint,Fees,Cobro indebido,Call Center,,SUC-U3Q69OLV,,Queja relacionada con fees,2451.51,USD,Low,Resolved,AGT-IA36860J9Z,2025-03-17 00:20:59,2025-03-18 03:20:59,2025-04-13 05:20:59,,False,28.0,,191.92,,False
CMP-UFSD9XEQ2RALIHA65ARO,2025-03-15 21:19:21,2025-03-15,CLI-52QUO2QEKO99,Complaint,Technical,Problema con app,Call Center,PRD-9OI3I8CSKZNZ,,,Queja relacionada con technical,,,Low,Escalated,AGT-C1BYBSUMTP,2025-03-16 02:19:21,,,,False,,,,,False
CMP-UFB3WK9ABT8MD4VFCGZE,2025-03-15 18:39:26,2025-03-15,CLI-XFA3O752ELJL,Complaint,Technical,Problema con app,Call Center,PRD-MDSX1BTBJ1W5,SUC-2QR0HN01,,Queja relacionada con technical,,ARS,Low,Open,,,,,,False,,,,,False
CMP-GQ131Q9O2YHM5Z5CV8OR,2025-03-15 21:24:01,2025-03-15,CLI-T0XD829FYNE5,Complaint,Transactions,Cargo no reconocido,Web,PRD-X793Q1639BW2,,,Queja relacionada con transactions,1239.2,USD,Low,In Process,AGT-C7L9UKCI6Z,2025-03-16 10:24:01,2025-03-17 11:24:01,,,False,,,,,False
CMP-VI2WATF8IEO66PTS2FFT,2025-03-15 08:25:49,2025-03-15,CLI-54W77XHKQAEI,Complaint,Fees,Cobro indebido,Web,PRD-36JGB7Q1X2JF,,,Queja relacionada con fees,4671.37,ARS,Low,In Process,AGT-GJ089YSJS0,2025-03-16 04:25:49,2025-03-17 07:25:49,,,False,,,,,False
CMP-LWWOIL61NB4D3MJT3REG,2025-03-15 18:05:49,2025-03-15,CLI-OBAAPRLD6F1W,Claim,Branch,Atención en sucursal,Email,PRD-YMGTM6GDJL76,,,Queja relacionada con branch,4244.96,ARS,Low,Resolved,AGT-MTF6I5TODX,2025-03-16 02:05:49,2025-03-16 20:05:49,,,False,25.0,Se brindó explicación detallada al cliente y se resolvió la situación.,178.85,,False
CMP-41ALVW2UEMR6N1W9Y4T7,2025-03-15 10:38:43,2025-03-15,CLI-4LVLHKKOPO8D,Complaint,Technical,Problema con app,Call Center,,SUC-JGJN78RV,,Queja relacionada con technical,,,High,In Process,AGT-V9TL4C1COF,2025-03-15 19:38:43,2025-03-16 08:38:43,,,False,,,,,False
CMP-3X95NIU7K0O9UQEVE8R9,2025-03-16 02:17:44,2025-03-15,CLI-02BJHMIWRVEW,Request,Technical,Problema con app,Web,PRD-YO9KU2Q2WA8A,,,Queja relacionada con technical,,,Medium,In Process,AGT-I0U7X8BN8X,2025-03-16 03:17:44,2025-03-17 18:17:44,,,False,,,,,False
CMP-PIOSK2YFV29J0BUJQM3F,2025-03-15 08:09:30,2025-03-15,CLI-H0BQP8X3QL2W,Claim,Service,Calidad de servicio,Regulator,,,,Queja relacionada con service,,,Low,In Process,AGT-JZ4UT5EH9L,2025-03-15 10:09:30,2025-03-16 22:09:30,,,False,,,,,True
CMP-YLJPRQLPRK48E7ZYNMDU,2025-03-16 04:37:36,2025-03-15,CLI-A8ZFUG94YI5R,Request,Technical,Problema con app,Email,,,,Queja relacionada con technical,,,Low,Open,,,,,,False,,,,,False
CMP-015ZAM7EEKYH0HCA1DXZ,2025-03-15 21:49:01,2025-03-15,CLI-V5VQ30P0ETGW,Complaint,Fees,Cobro indebido,Call Center,PRD-AAIPCAXGFOM7,,,Queja relacionada con fees,4431.82,USD,Low,Open,,,,,,False,,,,,False
CMP-7XM60FK91T4KDB4Z266E,2025-03-15 19:30:00,2025-03-15,CLI-XW4VZDD7FY62,Complaint,Transactions,,Email,PRD-O4EK66V06X2O,,,Queja relacionada con transactions,,,Medium,Closed,AGT-5AXEH5GB0Q,,2025-03-17 11:30:00,2025-04-06 19:30:00,2025-04-08 19:30:00,False,22.0,Se otorgó compensación al cliente por las molestias ocasionadas.,438.92,5.0,False
CMP-BLAZCT10EYQ22AF1KOA7,2025-03-15 14:42:13,2025-03-15,CLI-XJC6HYXDWBN6,Complaint,Technical,Problema con app,Call Center,,,,Queja relacionada con technical,2941.82,ARS,High,In Process,AGT-MV1S3NK1UZ,2025-03-16 08:42:13,2025-03-18 01:42:13,,,False,,,,,False
CMP-XFRYJQ9C1RVJ3EJZI43W,2025-03-15 23:45:14,2025-03-15,CLI-LHJK79OEM0NW,Claim,Technical,Problema con app,Call Center,,SUC-8RYAQ0NO,,Queja relacionada con technical,3925.05,MXN,Medium,Escalated,AGT-L0V4XUS6HH,2025-03-16 03:45:14,,,,False,,,,,False
CMP-0Z91VYIM7SKBNO0U19WZ,2025-03-15 20:52:52,2025-03-15,CLI-3WG6G8MWO7VX,Claim,Technical,Problema con app,Call Center,PRD-45TEN910Z7ZF,SUC-349TR6OC,,Queja relacionada con technical,,,Medium,In Process,AGT-VH1MSPB0E8,2025-03-15 21:52:52,2025-03-16 17:52:52,,,True,,,,,True
CMP-0WZ65HDCZOJYE14ICA0L,2025-03-15 10:12:07,2025-03-15,CLI-R5LH8W60A5MB,Request,Transactions,Cargo no reconocido,Call Center,,SUC-9YYT37NY,,Queja relacionada con transactions,,,Low,Open,,,,,,True,,,,,False
CMP-UALUSMLTRMU846S2SSJR,2025-03-15 17:21:29,2025-03-15,CLI-97ZC8NQGPW4U,Complaint,Fees,Cobro indebido,Call Center,,SUC-3XWIPDZ3,,Queja relacionada con fees,,,Low,Open,,,,,,True,,,,,False
CMP-SVWF2H9IXKCD7TS1NMU3,2025-03-16 01:07:07,2025-03-15,CLI-OI62ANAWYLPM,Complaint,Technical,Problema con app,Call Center,,,,Queja relacionada con technical,3539.3,COP,Low,In Process,AGT-34TVYJH4ZG,2025-03-16 11:07:07,2025-03-17 13:07:07,,,False,,,,,False
CMP-RRPK6J9MZKDA8JZWJYE8,2025-03-15 09:15:19,2025-03-15,CLI-XRNDRKX982LA,Request,Service,Calidad de servicio,Email,PRD-MNKHG1T3OW67,SUC-X7W6C3UX,,Queja relacionada con service,,,Medium,Resolved,AGT-N7VPFZC5VF,2025-03-16 06:15:19,2025-03-17 10:15:19,2025-04-05 09:15:19,,False,21.0,Se otorgó compensación al cliente por las molestias ocasionadas.,,,False
CMP-BYBBJ26RO227MZ9B0DX7,2025-03-16 06:14:54,2025-03-15,CLI-EZTA7T7R6ZOI,Complaint,Branch,Atención en sucursal,Call Center,PRD-9GF46TBUQ5EC,,,Queja relacionada con branch,,,Medium,In Process,,2025-03-16 22:14:54,2025-03-17 17:14:54,,,True,,,,,False
CMP-PKTRKUYYRR2VKZ8I1JXJ,2025-03-15 10:14:43,2025-03-15,CLI-JHK8CTVF2K5U,Request,Service,Calidad de servicio,Email,PRD-E5CZFGT48IU9,SUC-EHE8V9YO,,Queja relacionada con service,,,Medium,Resolved,AGT-EUE2HDH3QQ,2025-03-15 16:14:43,2025-03-16 19:14:43,2025-03-30 10:14:43,,False,15.0,Se brindó explicación detallada al cliente y se resolvió la situación.,,,False
CMP-YHPN4T4V1830WT78H4AI,2025-03-15 17:12:20,2025-03-15,CLI-JGL0NQ5WH98L,Complaint,Fees,Cobro indebido,Call Center,,,,Queja relacionada con fees,,,High,In Process,,2025-03-16 02:12:20,2025-03-17 12:12:20,,,False,,,,,False
CMP-2ZQ4P8YUKRW5P2XHNWR8,2025-03-15 11:31:20,2025-03-15,CLI-QJDQSMG7QZFN,Complaint,Fees,,Call Center,PRD-IKLK48CN8R4S,,,Queja relacionada con fees,,,Low,In Process,AGT-459G86OLPM,2025-03-16 02:31:20,2025-03-16 18:31:20,,,False,,,,,False
CMP-DZKGEJ1YK5D1YF5FABKS,2025-03-15 11:08:33,2025-03-15,CLI-CE8D8RCN4P77,Complaint,Fees,,Email,PRD-9PMKBG77R5HV,SUC-JDXIVV9S,,Queja relacionada con fees,,,Medium,Escalated,AGT-7DXQDW91FT,2025-03-15 14:08:33,,,,False,,,,,False
CMP-GI630JTTKYY029BCR21A,2025-03-15 23:04:45,2025-03-15,CLI-KB3X8I4BW7DO,Claim,Transactions,Cargo no reconocido,Call Center,PRD-2EMBNKLCKCQX,,,Queja relacionada con transactions,,,Low,Closed,AGT-MHI1U65RWO,2025-03-16 04:04:45,2025-03-16 17:04:45,2025-03-16 23:04:45,2025-03-18 23:04:45,False,1.0,Se otorgó compensación al cliente por las molestias ocasionadas.,,5.0,False
CMP-WX6MSVFBEUKERLCWYF6O,2025-03-15 21:48:30,2025-03-15,CLI-XRPHAZ1B7KWE,Complaint,Technical,Problema con app,Call Center,PRD-GP2EJL43YOA5,SUC-SKR8GS10,,Queja relacionada con technical,,,Medium,Open,,,,,,False,,,,,False
CMP-3C3D6AGEKAO8SRAX1ZVS,2025-03-16 05:21:47,2025-03-15,CLI-00RP3OWUON6V,Complaint,Service,Calidad de servicio,App,PRD-8DA9A672DDZM,SUC-5S93Z8YS,,Queja relacionada con service,4694.5,USD,High,Resolved,AGT-3D7OE6TIIB,2025-03-16 12:21:47,2025-03-18 07:21:47,,,False,3.0,Se verificó la información y se procedió con la corrección solicitada.,,,False
CMP-KYS17BYB5GETG6GMT0H6,2025-03-15 08:05:17,2025-03-15,CLI-9ET26CROSLGT,Complaint,Service,Calidad de servicio,Branch,PRD-UYP8MZP4975F,,,Queja relacionada con service,,,Medium,Open,,,,,,False,,,,,False
CMP-J1O7NUN85KADQYVXE9K6,2025-03-16 03:50:07,2025-03-15,CLI-I7GSEWMXBCCO,Complaint,Transactions,Cargo no reconocido,Web,,,,Queja relacionada con transactions,,,Medium,Open,,,,,,False,,,,,False
CMP-AM17BEMT1S010YIHD8MY,2025-03-15 13:16:58,2025-03-15,CLI-QTWVESY21YZA,Claim,Branch,Atención en sucursal,Web,PRD-H6R6P8QOP5HE,,,Queja relacionada con branch,,,Medium,In Process,AGT-EDV4G21PUV,2025-03-15 21:16:58,2025-03-17 06:16:58,,,True,,,,,False
CMP-5B9SXJ43TWLUN4ZDCJQI,2025-03-15 12:53:11,2025-03-15,CLI-OUWBVOQ39DJU,Claim,Fees,Cobro indebido,Email,PRD-P9ZJ346GCE2B,,,Queja relacionada con fees,,,Low,Closed,AGT-HLGND96O59,2025-03-16 00:53:11,2025-03-16 03:53:11,2025-03-26 12:53:11,2025-03-27 12:53:11,False,11.0,Se escaló a área correspondiente y se aplicó la solución definitiva.,122.8,1.0,True
CMP-VTKIASB5KORMLOT0QY0I,2025-03-15 08:01:15,2025-03-15,CLI-1V1BS1198YAR,Complaint,Fees,Cobro indebido,Call Center,PRD-X6CEQW2EJUQM,,,Queja relacionada con fees,206.95,ARS,Low,In Process,AGT-Q8AGV9WXXS,2025-03-15 10:01:15,2025-03-17 01:01:15,,,False,,,,,False
CMP-YATGP5J3JXHRD9IPROMP,2025-03-15 18:05:20,2025-03-15,CLI-Y293L3S6COXI,Complaint,Fees,,Call Center,PRD-EDI8UDA7Y2BR,,,Queja relacionada con fees,,,Medium,In Process,AGT-VT6AB8ZSIS,2025-03-16 08:05:20,2025-03-16 16:05:20,,,False,,,,,False
CMP-92LTIU7890UJBU50ASTY,2025-03-16 00:00:39,2025-03-15,CLI-B8PAA2HYXN4J,Request,Transactions,Cargo no reconocido,Call Center,,,,Queja relacionada con transactions,,,Low,Resolved,,2025-03-16 06:00:39,2025-03-17 08:00:39,,,False,30.0,Se otorgó compensación al cliente por las molestias ocasionadas.,,,False
CMP-42FA8RRUFKHNIT1VNU6C,2025-03-15 23:27:11,2025-03-15,CLI-D1BJSAGWQCAS,Claim,Transactions,Cargo no reconocido,Call Center,,,,Queja relacionada con transactions,,,Medium,Rejected,,,,,,False,,,,,False
