survey_id,survey_date,process_date,interaction_id,customer_id,agent_id,survey_type,send_channel,main_score,nps_category,question_1_text,question_1_response,question_2_text,question_2_response,question_3_text,question_3_response,open_comments,comment_sentiment,response_time_hours,campaign_response_rate
SRV-HYXP8O4AL4WQK7EL6QW1,2025-03-16 05:59:13,2025-03-15,INT-LRJSBA2BE47WJH72,CLI-Q1DP05X57JYC,AGT-I2PACZNZ4Y,CSAT,Email,3,,¿El agente resolvió su consulta satisfactoriamente?,1.0,,,,,No resolvieron mi problema completamente.,Negative,11.91,
SRV-9CC1EFE20AF6MJA8WBST,2025-03-15 22:22:28,2025-03-15,INT-GYMH9A284Y5G5J85,CLI-SRZLAYV4BYB7,AGT-MZEQR4UPDP,CSAT,Email,3,,¿Cómo calificaría la atención brindada?,1.0,¿El tiempo de espera fue aceptable?,2.0,,,Tuve que esperar demasiado tiempo.,Negative,12.47,
SRV-OA1XQ1BRTC9TCFMSGJ6R,2025-03-15 22:26:05,2025-03-15,INT-Q6JUTGRR33EAGTRE,CLI-KFQL4CQPRLCJ,AGT-ABK5SY60XE,NPS,SMS,6,Detractor,,,¿El tiempo de espera fue aceptable?,4.0,,,,,14.08,33.85
SRV-WMIKX3TS223R68FMRB2B,2025-03-16 13:36:27,2025-03-15,INT-NLEDVQMGDEFEUYPA,CLI-EW5BQNCE1WKH,AGT-Z8YFQBMTYZ,CSAT,SMS,2,,¿Cómo calificaría la atención brindada?,1.0,,,¿Volvería a contactarnos por este canal?,3.0,,,19.35,
SRV-VRLEVIH6VDYRXXR7MTQS,2025-03-15 14:23:42,2025-03-15,INT-J0NOVYW9NASJR086,CLI-M5TWZPY1GB9W,AGT-7U616EYKJ3,CSAT,Email,3,,¿Cómo calificaría la atención brindada?,5.0,,,,,,,10.55,
SRV-7LI8HV23ZBND4G7ZPRD3,2025-03-16 07:40:13,2025-03-15,INT-WJYMC0OL2XLLAHXM,CLI-2MQCQBMSQQ35,AGT-AUPZRFB0OO,CSAT,IVR,2,,¿Qué tan satisfecho está con el servicio recibido?,5.0,,,,,,,14.17,19.63
SRV-L8ZT1URFTDDAJS4WO0HI,2025-03-16 06:44:28,2025-03-15,INT-0T94J06VOUICS892,CLI-SUDIYBY6LFMJ,AGT-O41ZQQO47Y,CES,SMS,2,,¿Cómo calificaría la atención brindada?,2.0,¿El tiempo de espera fue aceptable?,4.0,¿Volvería a contactarnos por este canal?,1.0,,,19.53,31.29
SRV-81MO6PVBHR22Y9PUOD1D,2025-03-16 16:56:21,2025-03-15,INT-QOY5V61SODJBNJUE,CLI-R4MTRWN1L0MV,AGT-INOBA0VR4Q,CSAT,Email,2,,,4.0,,,,,No resolvieron mi problema completamente.,Negative,12.54,
SRV-21E6AUMJQP61TV8A7GBG,2025-03-16 11:14:02,2025-03-15,INT-1Q9FK5TMAU3M8BJS,CLI-UEF7B6OVCRXD,AGT-ELV4R7G13O,CSAT,Email,4,,¿Cómo calificaría la atención brindada?,5.0,¿El tiempo de espera fue aceptable?,3.0,,,Muy satisfecho con el servicio.,Positive,17.82,26.59
SRV-2XIL3Z6F8F4XK02LCGOS,2025-03-16 02:53:33,2025-03-15,INT-TKBTK4FVX2TN3GSW,CLI-I6FHIT6RECEE,AGT-5ZON0CZXOE,NPS,SMS,6,,¿El agente resolvió su consulta satisfactoriamente?,2.0,¿El tiempo de espera fue aceptable?,2.0,,,,,14.41,39.84
SRV-U6JEF633IHK04N2D70TI,2025-03-16 01:47:49,2025-03-15,INT-1UQBVAISQ0U9ETES,CLI-VKNJJPSALY1P,AGT-PX17SVBBET,CSAT,Email,2,,¿Qué tan satisfecho está con el servicio recibido?,4.0,¿El tiempo de espera fue aceptable?,4.0,,,No resolvieron mi problema completamente.,Negative,18.82,43.57
SRV-DHYE20I8SG1MCSPKRGX0,2025-03-15 20:23:04,2025-03-15,INT-IYDL9F9R7IQGSA6E,CLI-POR85H6LX3LS,AGT-ELV4R7G13O,CSAT,Email,4,,¿El agente resolvió su consulta satisfactoriamente?,3.0,,,,,Muy satisfecho con el servicio.,Positive,7.97,25.6
SRV-RT6K5D7E6ORKL4QXQ9ZL,2025-03-16 17:27:04,2025-03-15,INT-U89AXQ14V0UG9177,CLI-JWD8Q3PWD1Q2,AGT-LTK3BMH5BL,CSAT,App,3,,,,,4.0,,,No estoy satisfecho con la solución.,Negative,34.73,44.21
SRV-TJKETBJPYDH4JI4LUA5G,2025-03-16 06:15:06,2025-03-15,INT-W4BJCEMKA4JWHP1Y,CLI-CA0NH3C64JPT,AGT-6XP3TGQ4QT,NPS,Web,6,Detractor,¿Cómo calificaría la atención brindada?,,¿El tiempo de espera fue aceptable?,4.0,,,Aceptable.,Neutral,5.0,30.54
SRV-1V71F2F2H15Y5TQEVU4J,2025-03-16 13:14:51,2025-03-15,INT-88HNJSPM5DEP0YQ1,CLI-PWRD2QVMFE0Z,AGT-73NR19JUP5,NPS,App,6,Detractor,,,,,¿Volvería a contactarnos por este canal?,2.0,,,26.03,
SRV-LUEETDCAQR6T2MTBMVN8,2025-03-16 15:53:11,2025-03-15,INT-NPB1GKF1JM04EGF0,CLI-3DE8UK8N92SH,AGT-QI5O1LEA1K,CSAT,Email,2,,¿Qué tan satisfecho está con el servicio recibido?,5.0,,,¿Volvería a contactarnos por este canal?,5.0,El agente no fue muy claro en sus explicaciones.,Negative,21.47,
SRV-2VB8SXODBDPNZB65H8UV,2025-03-16 21:56:17,2025-03-15,INT-0U5E9P5VKV2PP162,CLI-4LNW7XSDTW3H,AGT-X3WLDNDFIL,NPS,Email,4,Detractor,¿Qué tan satisfecho está con el servicio recibido?,5.0,¿El tiempo de espera fue aceptable?,4.0,,,"Normal, sin problemas mayores.",Neutral,34.92,32.73
SRV-ARNT83A3GSJESZUWZH8U,2025-03-16 17:41:35,2025-03-15,INT-YLQGWE3DEWQ2HIU8,CLI-4ZEN8FMQ9YIF,AGT-D823QIGFPO,NPS,Email,5,Detractor,,,,,,,"Normal, sin problemas mayores.",Neutral,33.4,20.59
SRV-RA2Q2ZX94I5GN91O58W9,2025-03-16 11:06:55,2025-03-15,INT-JFBMEG47IJ2202RT,CLI-AECOFZ2Q4F5L,AGT-01T1LJ1M61,CSAT,Email,3,,,,,,,,,,30.75,35.49
SRV-9FF6EIELRO4NNCUW27AF,2025-03-15 17:19:47,2025-03-15,INT-PHPMI0B8YEP3T9KT,CLI-T8LTWH7CE7YA,AGT-ERBZDOFKYX,NPS,Web,3,Detractor,¿Cómo calificaría la atención brindada?,2.0,,,,,Tuve que esperar demasiado tiempo.,Negative,12.55,30.69
SRV-J5LUSXSA8FMAQJBY5YMH,2025-03-16 06:14:56,2025-03-15,INT-SHYF39EVF2GH74R2,CLI-W2FJUMD7R9LG,AGT-QXV7HN47JJ,NPS,Email,6,Detractor,¿Cómo calificaría la atención brindada?,3.0,¿El tiempo de espera fue aceptable?,2.0,,,,,21.65,
SRV-A2J1ZG092XKNEF78YKFE,2025-03-16 21:49:25,2025-03-15,INT-9EM94XREA1VCGD4E,CLI-893Q5QZCKSIM,AGT-LWI6FT9AYN,CSAT,App,4,,¿Qué tan satisfecho está con el servicio recibido?,2.0,,,,,"Excelente atención, muy amable el agente.",Positive,24.58,
SRV-XE0VAPLFG7C5JV4NOM0N,2025-03-16 07:00:49,2025-03-15,INT-7W9KJ4GXFI6U3WG7,CLI-9OGTCMNUH6GL,AGT-FY0JTX0WX4,CSAT,Email,3,,,,,,,,No resolvieron mi problema completamente.,Negative,14.08,34.94
SRV-8II3Y99B5KCWE4K72N4F,2025-03-16 05:02:19,2025-03-15,INT-HJDT2H5BRET3CBUV,CLI-VMNCEFXERTUG,AGT-5FYIMNGMBG,CES,Email,2,,¿El agente resolvió su consulta satisfactoriamente?,4.0,,,¿Volvería a contactarnos por este canal?,4.0,No resolvieron mi problema completamente.,Negative,15.36,34.72
SRV-VYOJPJUYVMUB4VHWYFRQ,2025-03-16 10:15:13,2025-03-15,INT-XV5T6MO8CLBGX2YG,CLI-07T7YR8ITAYT,AGT-69430CDLET,NPS,SMS,5,Detractor,,,¿El tiempo de espera fue aceptable?,1.0,,,Aceptable.,Neutral,18.35,
SRV-1Q52PNW9UBWBM5KBREBL,2025-03-16 12:15:48,2025-03-15,INT-ET8PXZV631ZLCMD3,CLI-RZF0YF9XAMWN,AGT-RM928J5EOG,CSAT,Email,3,,,,¿El tiempo de espera fue aceptable?,1.0,,,,,21.01,
SRV-8IP1SW9WEJD5I5MV1PJT,2025-03-16 00:53:40,2025-03-15,INT-VGAIT09VV0BNPPBD,CLI-C9LSZ36NFWWN,AGT-9C6BRHB25D,CSAT,App,3,,,,¿El tiempo de espera fue aceptable?,,,,No resolvieron mi problema completamente.,,22.33,34.57
SRV-NEYYRNBOM5LTZWTAWAEZ,2025-03-15 23:36:21,2025-03-15,INT-VH3GDHZW9DNTB72C,CLI-VG3XH27NUBRD,AGT-KJ8EIV7HG0,CSAT,SMS,2,,¿El agente resolvió su consulta satisfactoriamente?,5.0,,,,,El agente no fue muy claro en sus explicaciones.,Negative,14.19,44.41
SRV-ZKGUFKFSLPFLQ24X5RUP,2025-03-16 02:11:54,2025-03-15,INT-DNAURW3T7T6KJ8Q5,CLI-B3LU7V3TDDFG,AGT-KTWAJKP7QW,CSAT,Email,3,,¿Qué tan satisfecho está con el servicio recibido?,1.0,,,,,,,16.84,29.75
SRV-75Q6JUX1MF2DYMDZ3YPF,2025-03-16 21:48:46,2025-03-15,INT-NW0VS2EE204ERRW8,CLI-DSYECDJW0UVM,AGT-S6T0KJTHIL,CSAT,SMS,2,,¿El agente resolvió su consulta satisfactoriamente?,1.0,¿El tiempo de espera fue aceptable?,3.0,¿Volvería a contactarnos por este canal?,1.0,No resolvieron mi problema completamente.,Negative,23.21,30.37
SRV-JRF47Y51FCXBBZ7W0C0K,2025-03-16 12:07:28,2025-03-15,INT-D9VHY7OTRHU2F6ZX,CLI-VVA7SN53BP74,AGT-9YYG4EPQAP,NPS,Email,7,Passive,¿Qué tan satisfecho está con el servicio recibido?,4.0,¿El tiempo de espera fue aceptable?,5.0,,,,,23.31,23.34
SRV-2OHIVZT23KGBR5UT86JV,2025-03-16 04:30:11,2025-03-15,INT-MV6MRZEPLRXLQ9AT,CLI-7REPAF84XT84,AGT-TSSIHYMD02,CES,SMS,2,,¿El agente resolvió su consulta satisfactoriamente?,1.0,¿El tiempo de espera fue aceptable?,5.0,,,No estoy satisfecho con la solución.,Negative,19.62,23.92
SRV-TVF5PE1MED8FNVFDIJDY,2025-03-16 05:23:29,2025-03-15,INT-R2WDVF06CJF69V75,CLI-43SXS2M5HV8X,AGT-AUOTS7C4F3,CSAT,SMS,2,,,,¿El tiempo de espera fue aceptable?,2.0,,,,,9.08,24.24
SRV-FQ3X78SISS58Y9MWJRLN,2025-03-16 19:35:11,2025-03-15,INT-0IN46NPSBX9XDJ3F,CLI-EWXX0Z9RB9E3,AGT-12AFACXPXI,NPS,App,2,Detractor,¿Cómo calificaría la atención brindada?,,¿El tiempo de espera fue aceptable?,4.0,,,,,29.59,
SRV-2HOXJSALWE62VS1RWN2I,2025-03-15 22:42:48,2025-03-15,INT-M4T0OPZ098S44T7P,CLI-P5WF7J7PLVY1,AGT-HSNO92AITC,CSAT,Email,3,,¿Qué tan satisfecho está con el servicio recibido?,5.0,,,,,No estoy satisfecho con la solución.,Negative,11.88,24.02
SRV-ZDLCRQ6U7CKDFLFT9NCM,2025-03-15 18:41:19,2025-03-15,INT-EAA3Y0V4ZO9RA34C,CLI-LSUT5U140JW9,AGT-MV9CYF5934,CSAT,Web,4,,,5.0,¿El tiempo de espera fue aceptable?,5.0,¿Volvería a contactarnos por este canal?,1.0,,,9.82,20.37
SRV-0SDVBZ5AB028VQ5MDXYL,2025-03-16 08:17:15,2025-03-15,INT-WCC7IR7Y4HHRN2O4,CLI-0RFS0YXZ98PQ,AGT-6OR4WMM8YS,CSAT,Email,4,,¿Qué tan satisfecho está con el servicio recibido?,1.0,¿El tiempo de espera fue aceptable?,2.0,,,,,29.11,32.34
SRV-YUQCZ9Q0KK0H3U95SB0H,2025-03-17 02:23:00,2025-03-15,INT-1KPTG5AXN1QW4W37,CLI-NAIGCDD04ACF,AGT-5QGYHBW01W,CSAT,Email,2,,,,,,,,Tuve que esperar demasiado tiempo.,Negative,26.95,29.22
SRV-EDZ2280QDSK4QBH5NYD8,2025-03-15 13:13:32,2025-03-15,INT-F84N571F6FPO26RT,CLI-O2MFFRGEVULL,AGT-HWATBOOPXF,CSAT,SMS,2,,¿El agente resolvió su consulta satisfactoriamente?,5.0,,,,,El agente no fue muy claro en sus explicaciones.,Negative,8.21,43.76
SRV-SCQKB68983HC1ZQQX63W,2025-03-15 19:58:14,2025-03-15,INT-RVA29Z8LD7SSBHL6,CLI-DA1ZEMZ98SLY,AGT-I0RSC4IGXZ,CSAT,IVR,3,,,,,,¿Volvería a contactarnos por este canal?,5.0,No estoy satisfecho con la solución.,Negative,17.71,42.43
SRV-GZ3CTBWH0TPN2GQTPQU7,2025-03-16 19:57:36,2025-03-15,INT-31NCZ7ULGL3XSDT6,CLI-4GWSJ4K2SW1O,AGT-ECPPYMNG3G,CSAT,SMS,3,,¿Cómo calificaría la atención brindada?,3.0,,,,,,,23.97,
SRV-61S7Z7KJDIFMBWV5CWLH,2025-03-16 01:31:16,2025-03-15,INT-U4SZAHYE1YB9JCDR,CLI-J7LDV8SV60P6,AGT-R9OEJVZ74S,CSAT,Email,2,,,,,,¿Volvería a contactarnos por este canal?,1.0,No estoy satisfecho con la solución.,Negative,17.93,
SRV-P06VT9N353IGIANQYKES,2025-03-15 18:16:49,2025-03-15,INT-GLYTTHT2Z01IK9BK,CLI-OQV5NCB9WDG6,AGT-P6ZSI9FXVT,CSAT,Email,2,,,,,,¿Volvería a contactarnos por este canal?,3.0,,,15.02,
SRV-V3FJWDGBY5R2ZMJR2HKX,2025-03-16 23:09:36,2025-03-15,INT-52EE1W9572U5FSYG,CLI-9WOO3TH413L2,AGT-PDS7BE8A8L,NPS,Email,3,Detractor,,,,,,,No resolvieron mi problema completamente.,Negative,19.2,23.68
SRV-K6RBBB0LDXK09BMBTNCQ,2025-03-16 09:01:11,2025-03-15,INT-BF04O98G29UGKU0M,CLI-3A219JPEYW6K,AGT-5PR2VCD9EJ,CSAT,Email,3,,¿Qué tan satisfecho está con el servicio recibido?,1.0,,,,,,,6.0,39.79
SRV-5SPWV1NWKIB6G7GAG0YH,2025-03-16 23:13:58,2025-03-15,INT-998NCG32FW0DCHM4,CLI-4UNDWPC20DQT,AGT-0Q4Z4AE9P2,CSAT,SMS,3,,¿Cómo calificaría la atención brindada?,,,,,,El agente no fue muy claro en sus explicaciones.,Negative,24.48,43.01
SRV-W1GW4D7UWM4G4UP3Y8XZ,2025-03-16 07:51:52,2025-03-15,INT-488J91CSD24VYFRS,CLI-WJ6HFLU7PQEW,AGT-9G892RO3CJ,CSAT,Email,2,,¿Qué tan satisfecho está con el servicio recibido?,5.0,¿El tiempo de espera fue aceptable?,3.0,,,No resolvieron mi problema completamente.,Negative,12.95,42.86
SRV-W1IXINQK1P95Z4P5EPCB,2025-03-16 14:36:26,2025-03-15,INT-RDJFVHX70TWDWJX4,CLI-BT7YOSO093J4,AGT-GBHL3XZPKH,NPS,Email,4,Detractor,,,¿El tiempo de espera fue aceptable?,,,,,,19.95,34.93
SRV-PYCRQ92HSH256WCAT7O1,2025-03-16 09:07:47,2025-03-15,INT-BQQ8VTOC76YS4WFX,CLI-R6D3BCMPHRCT,AGT-J65U3Y7UPF,CSAT,SMS,2,,¿Qué tan satisfecho está con el servicio recibido?,4.0,,,,,,,9.96,33.47
SRV-8H3FK4ZQ403I0Q5CLLTF,2025-03-16 07:52:39,2025-03-15,INT-F9076ZHNOMG1HFOS,CLI-05NDW8OZ2DTZ,AGT-RHJINE5TTG,CSAT,App,3,,,,,,¿Volvería a contactarnos por este canal?,3.0,,,28.12,28.12
SRV-W67IZTEBB2C2Z1X22QW5,2025-03-15 23:56:40,2025-03-15,INT-HEBA6YH6UZYR7VIQ,CLI-N0N6F0DIYUN9,AGT-MC2QXB1BML,CSAT,SMS,3,,,,,,,,No resolvieron mi problema completamente.,Negative,11.88,
SRV-A5VC253F3PO3OCXNUSLQ,2025-03-16 16:32:28,2025-03-15,INT-FCZTCZ26GAM3724M,CLI-7WP8CQRJBXH3,AGT-5A7COUI9W1,CSAT,Email,4,,,,¿El tiempo de espera fue aceptable?,2.0,,,,,23.61,26.54
SRV-FY1MNX01CZN0TMLUZNP3,2025-03-16 07:33:41,2025-03-15,INT-XD3Z1SHDXB4KMNCH,CLI-N4BQG53PFUUR,AGT-FRAJBL87DS,CSAT,Email,4,,¿Cómo calificaría la atención brindada?,4.0,¿El tiempo de espera fue aceptable?,1.0,,,El agente fue muy profesional y eficiente.,Positive,26.2,43.15
SRV-9ED80AL1T95VDQ3E0HJP,2025-03-17 00:51:55,2025-03-15,INT-UBHN7RLP2Q03CTZO,CLI-040HVOSSNTFD,AGT-OUFV7MHOLX,CSAT,App,2,,,,,,¿Volvería a contactarnos por este canal?,5.0,Tardaron mucho en atenderme.,,24.98,28.21
SRV-RYC5GIU3OKUVSMZICUEB,2025-03-16 01:49:14,2025-03-15,INT-2ZD2HY17W9A1ZBUR,CLI-I0I93P07MQUH,AGT-NIV1UCW44H,CSAT,SMS,3,,,,¿El tiempo de espera fue aceptable?,1.0,,,,,13.5,
SRV-7OZVJCWFNZOMPRET3T0S,2025-03-15 22:38:38,2025-03-15,INT-ZJTLTT0H8UGYQMSL,CLI-SL04TPCLJTKB,AGT-IGZY99W908,CSAT,Email,3,,,,¿El tiempo de espera fue aceptable?,4.0,,,,,6.04,20.9
SRV-15UMHIAGT8EHIWNB50D5,2025-03-16 08:36:14,2025-03-15,INT-JVH19AB2AF6CQPLG,CLI-EVSQXMFSR3WJ,AGT-ZKZMQJ4VSL,NPS,App,7,Passive,¿Cómo calificaría la atención brindada?,3.0,¿El tiempo de espera fue aceptable?,4.0,,,"Normal, sin problemas mayores.",Neutral,24.32,25.75
SRV-QGQWZ8UQNWKRJXQ4SVFL,2025-03-16 10:13:28,2025-03-15,INT-U24X38Z1XXQRQGJL,CLI-TE7A21AEAJSX,AGT-Y8VCCG4114,CSAT,Email,3,,,,,,¿Volvería a contactarnos por este canal?,3.0,,,14.31,34.27
SRV-VDEW0CWMCCGXKWP4DCNA,2025-03-16 18:44:45,2025-03-15,INT-YQT53XAASYEGDCFQ,CLI-GLUIT0M414ZW,AGT-QZGRW0TABQ,CSAT,Email,3,,,,,,,,El agente no fue muy claro en sus explicaciones.,Negative,26.05,40.63
SRV-0RCD3IF2TNW7F106YR86,2025-03-17 02:43:04,2025-03-15,INT-PG2GK0GTU5HS00D8,CLI-1CGA4M6GNH9V,AGT-Z77UHM1UV3,CSAT,SMS,2,,,,¿El tiempo de espera fue aceptable?,2.0,,,,,21.94,16.69
SRV-JNTNN4STU7QLODHSQ02G,2025-03-16 20:33:56,2025-03-15,INT-8ETF5YD82H4ZZKKJ,CLI-16ACQ9E0J54B,AGT-3BWKH19I03,CSAT,Email,2,,¿El agente resolvió su consulta satisfactoriamente?,4.0,,,,,,,28.2,38.91
SRV-7ZA076DGQNSRJ1D9XRUT,2025-03-16 15:19:01,2025-03-15,INT-PSF8QIYQC7K5WTX0,CLI-S5L8QR24VC22,AGT-IQ63VCBVSU,CSAT,Email,3,,¿Cómo calificaría la atención brindada?,2.0,,,¿Volvería a contactarnos por este canal?,2.0,,,23.6,30.68
SRV-B9QB8BXYTYG5DZ7GOIJB,2025-03-15 16:40:45,2025-03-15,INT-JKKUFEO2IGFMBHWA,CLI-LZEJM7HJZQ6K,AGT-P0R6W0FYK1,NPS,SMS,5,Detractor,¿Qué tan satisfecho está con el servicio recibido?,1.0,¿El tiempo de espera fue aceptable?,3.0,¿Volvería a contactarnos por este canal?,2.0,,,10.56,26.72
SRV-CYWVVHUP2RMI9EV3YLAK,2025-03-16 08:53:04,2025-03-15,INT-BZURQSQOLIZLJ4G4,CLI-845TIAQUQNZZ,AGT-0QJX3LETUS,CSAT,Web,2,,¿Qué tan satisfecho está con el servicio recibido?,1.0,¿El tiempo de espera fue aceptable?,1.0,¿Volvería a contactarnos por este canal?,5.0,Tuve que esperar demasiado tiempo.,Negative,18.61,42.49
SRV-LHPG6CCWQAITTR6LRBR1,2025-03-16 23:26:03,2025-03-15,INT-8VY0MHSEUAWXRN1O,CLI-WMCP2QROF1Q3,AGT-ZS742EP7U6,CSAT,SMS,3,,¿Cómo calificaría la atención brindada?,1.0,,,,,,,21.07,16.28
SRV-0XXQP4OSQTR5A0F2YTM9,2025-03-16 16:57:14,2025-03-15,INT-CYXBYOISBQITJ264,CLI-WI9D1PW3TTCL,AGT-YDBZL5HKAZ,CSAT,SMS,3,,¿Qué tan satisfecho está con el servicio recibido?,4.0,¿El tiempo de espera fue aceptable?,3.0,,,,,33.61,38.26
SRV-OLGVQDSV9OP50C31INK9,2025-03-15 22:05:18,2025-03-15,INT-YVI7NYWBKT05SB4N,CLI-XEWQGXPEYZ5I,AGT-Y4PTRJW4HG,CES,Email,3,,¿Qué tan satisfecho está con el servicio recibido?,3.0,¿El tiempo de espera fue aceptable?,3.0,,,No resolvieron mi problema completamente.,Negative,15.78,
SRV-F0WRZEJJ6D4ZNAHHLEXI,2025-03-15 18:01:24,2025-03-15,INT-KAPDM2LYNA065EEX,CLI-HBSTDZZ21RVT,AGT-LH85KLPB5O,CES,SMS,3,,,,,,,,Tardaron mucho en atenderme.,Negative,16.28,20.08
SRV-OL9FGNTU03KS4U61UOMN,2025-03-15 19:24:32,2025-03-15,INT-WNWJNI3IYTHK0CVV,CLI-I5F0GNFIJ8T8,AGT-U0ICPNUDA8,NPS,App,2,Detractor,¿Qué tan satisfecho está con el servicio recibido?,4.0,,,,,,,12.81,38.85
SRV-BAORFF0G4UKZN7HBWAQ7,2025-03-16 16:37:55,2025-03-15,INT-ZTTV078ACMBPVDQR,CLI-SR2749W43D0Q,AGT-BH4XF8YM49,NPS,Web,4,Detractor,¿Cómo calificaría la atención brindada?,5.0,,,¿Volvería a contactarnos por este canal?,2.0,,,20.79,27.1
SRV-778PHCQ7FMPLLF845ON6,2025-03-16 20:36:10,2025-03-15,INT-X7TL62RDDIB5EYVN,CLI-ERMOJWRVR7RQ,AGT-ECPPYMNG3G,CSAT,App,4,,¿El agente resolvió su consulta satisfactoriamente?,2.0,,,,,Resolvieron mi problema rápidamente.,Positive,20.08,27.3
SRV-LC09GKEC39H6KCDRRXCB,2025-03-16 11:16:07,2025-03-15,INT-AHROACO46EBPJUAG,CLI-X35ZR5B15A3Y,AGT-56XIRH3EBF,CSAT,SMS,3,,¿El agente resolvió su consulta satisfactoriamente?,2.0,¿El tiempo de espera fue aceptable?,2.0,,,El agente no fue muy claro en sus explicaciones.,Negative,11.72,25.28
SRV-CO3OYC6HFC0OG28LETTV,2025-03-15 23:39:17,2025-03-15,INT-FR0KQOALYW9P9128,CLI-TPWLD5XQZM6R,AGT-N0G051WG35,CSAT,SMS,2,,,,¿El tiempo de espera fue aceptable?,3.0,,,Tuve que esperar demasiado tiempo.,Negative,15.7,
SRV-DY4OYCINJ5I3KEO8UYO4,2025-03-17 00:08:53,2025-03-15,INT-3TX626QB84QXH1V7,CLI-BGW111RMTYME,AGT-7HUT4X997D,CSAT,SMS,3,,,,¿El tiempo de espera fue aceptable?,2.0,,,El agente no fue muy claro en sus explicaciones.,Negative,27.39,38.85
SRV-005PS9UJG9NPNZ63P7AV,2025-03-16 17:39:11,2025-03-15,INT-8FE69PET7UA748X1,CLI-YKLXM2O1DFD9,AGT-V9MAWPQ7HZ,CSAT,Email,3,,¿El agente resolvió su consulta satisfactoriamente?,4.0,,,,,,Negative,24.34,
SRV-30S9K6GWNZ9LWVGCTMUR,2025-03-16 05:07:49,2025-03-15,INT-6QDDUZRQ2JXGHAPN,CLI-IRS6J8QJ9QJI,AGT-WHFAP66CQ9,CSAT,App,3,,,,,,,,,,19.63,29.6
SRV-S3K93PNX39ID4A20DG9N,2025-03-15 20:24:08,2025-03-15,INT-P3VUBS04E3FVD8OK,CLI-W8X0F733CIPE,AGT-JZD6GWJBLQ,CSAT,SMS,3,,,,,,,,,Negative,19.04,40.29
SRV-JF319F3UE34FA04L6CH4,2025-03-16 14:51:32,2025-03-15,INT-YY3SAFHUY74O16P2,CLI-4NZ30H8H8FR9,AGT-Z32DMC1N4A,CSAT,Email,3,,,5.0,,,,,No estoy satisfecho con la solución.,Negative,19.46,
SRV-P65H2R2W92Y7DHOU92PJ,2025-03-16 09:27:30,2025-03-15,INT-DRJLJFTFYI1GFXSQ,CLI-5XS2KXDO60EU,AGT-HHZLM4XXDJ,NPS,Email,6,Detractor,¿Qué tan satisfecho está con el servicio recibido?,1.0,¿El tiempo de espera fue aceptable?,4.0,¿Volvería a contactarnos por este canal?,2.0,"Normal, sin problemas mayores.",Neutral,12.42,43.06
SRV-98EMBKKDODL86DHNTTXC,2025-03-16 10:55:49,2025-03-15,INT-6B420T2TXN5JCMVL,CLI-NLLEIZ35F0NA,AGT-A8I1YTWT37,CSAT,Email,4,,,,,,,,Muy satisfecho con el servicio.,Positive,27.85,31.73
SRV-9PZIHG7AE9Y3Y595GXGH,2025-03-16 16:10:24,2025-03-15,INT-XHMEF3WPY37ZHCE8,CLI-U8Q6FEP4KFPL,AGT-OK1RZJN2O9,CSAT,IVR,1,,¿Qué tan satisfecho está con el servicio recibido?,1.0,¿El tiempo de espera fue aceptable?,2.0,,,,,15.23,15.01
SRV-RGQCGAGO5UN2RDEF196P,2025-03-15 20:45:22,2025-03-15,INT-Y6P1XQ7GEDUPPHIG,CLI-TISYIVCPDVYM,AGT-2BNDJNBFKF,CES,Email,1,,,,,,,,,,12.27,23.71
SRV-UAV497A6ESKVZ6FX56PY,2025-03-16 16:42:34,2025-03-15,INT-2UAS46D3OKVOIGRD,CLI-GZXQJWZ3QL5J,AGT-3MU2T4LM27,CSAT,SMS,3,,¿El agente resolvió su consulta satisfactoriamente?,,,,,,No estoy satisfecho con la solución.,,26.74,21.99
SRV-C70KRSSFKQN7S71NNR9U,2025-03-16 14:28:15,2025-03-15,INT-YJ9DNSPG8UC71ADE,CLI-D123C0X9IV8Z,AGT-UU8LD3H21R,CSAT,Email,2,,,,¿El tiempo de espera fue aceptable?,5.0,¿Volvería a contactarnos por este canal?,2.0,,,28.52,28.24
SRV-FTT5SAB6LQHSCTT4V509,2025-03-16 10:26:25,2025-03-15,INT-5NI95U5MURZ7JFB5,CLI-SFBAS35B8FNZ,AGT-OST7AX31MF,CSAT,App,3,,¿Qué tan satisfecho está con el servicio recibido?,3.0,,,¿Volvería a contactarnos por este canal?,5.0,,,28.59,
SRV-F1ZJ0I40EVLXLKXC43GN,2025-03-16 21:13:36,2025-03-15,INT-SF8X7PDCZ58MUQ44,CLI-E2ZWLNVP7H25,AGT-I94LJIR7DW,CSAT,SMS,3,,¿Qué tan satisfecho está con el servicio recibido?,5.0,¿El tiempo de espera fue aceptable?,4.0,,,,,16.54,42.73
SRV-NTOTIWVAUEI4G21QRVRP,2025-03-16 22:19:37,2025-03-15,INT-DC7JRUONPWIEZ25B,CLI-95ZSLGYKU348,AGT-AAM9ILQP8J,CSAT,App,3,,,,,,,,Tardaron mucho en atenderme.,Negative,21.75,27.16
SRV-X8ZHKBMERASAJ4IR9SUA,2025-03-16 14:43:50,2025-03-15,INT-9XUK4F1VKGHV2R30,CLI-D3WT01AFR6NK,AGT-5UL7ZJRT6U,CSAT,SMS,4,,¿Cómo calificaría la atención brindada?,1.0,,,,,,,26.88,41.01
SRV-5RNW3VYRGW0ASXCB1MNY,2025-03-16 10:49:51,2025-03-15,INT-A6TCA2YKG6PK072D,CLI-ZKRFNPGQSNDI,AGT-Q97AQ8XCJF,CSAT,SMS,4,,¿El agente resolvió su consulta satisfactoriamente?,1.0,,,,,El agente fue muy profesional y eficiente.,Positive,8.94,15.07
SRV-REAPSYXP95X4SR2GMZ2A,2025-03-17 04:27:30,2025-03-15,INT-G66TO7E0XFQA8JE1,CLI-RDRMYP79NLVS,AGT-DBGB5MKK8K,NPS,Email,4,Detractor,,,¿El tiempo de espera fue aceptable?,4.0,,,,,24.9,25.69
SRV-VWH1DO5PQ7R9LAV683ZG,2025-03-16 06:04:57,2025-03-15,INT-5CPGOPV2JZKEVJC3,CLI-101NGSJJRTG2,AGT-XKNA4UGMBW,NPS,SMS,6,Detractor,,,,,,,Aceptable.,Neutral,16.72,
SRV-TXDXGFWA6XMH97RAS3YH,2025-03-16 10:25:13,2025-03-15,INT-YPI24IJ4D4LEAF3P,CLI-WJ7QMT76WNDN,AGT-IZDFJFHSFH,CSAT,SMS,4,,,,¿El tiempo de espera fue aceptable?,2.0,,,"Buena experiencia, gracias.",Positive,22.24,26.13
SRV-4A3CXUJ5ZDA9THM8ZL9V,2025-03-15 23:54:31,2025-03-15,INT-3IZSNMWPBAFA8KY0,CLI-KDVSSEHKEOUR,AGT-VPGMWBYXFI,CES,Email,2,,¿El agente resolvió su consulta satisfactoriamente?,2.0,,,,,,,18.32,31.58
SRV-VY0IRDO8J9IMYJSV5BXU,2025-03-16 05:51:38,2025-03-15,INT-08PCEUPHBPI2LDG5,CLI-RHHEVJLTDFGM,AGT-838PIT9Q4L,CSAT,SMS,2,,¿Cómo calificaría la atención brindada?,1.0,,,,,,,9.72,
SRV-5AAAVC5AJ7424HV52FJV,2025-03-16 04:50:10,2025-03-15,INT-PFEAKONJU0TN9MGQ,CLI-3BISP16QV2TP,AGT-6NK9TIEVN9,CSAT,Email,3,,,,,,,,,,30.45,29.23
SRV-M1MK8Z3SFWPCKCQCBEFN,2025-03-16 04:48:14,2025-03-15,INT-0WCID89OIFG4FH3N,CLI-741IJHZKCGPP,AGT-56L27RI8NL,CSAT,Email,3,,¿Qué tan satisfecho está con el servicio recibido?,1.0,,,,,,,14.29,39.02
SRV-EEVOOZABSGRGXIAQXODB,2025-03-16 06:07:25,2025-03-15,INT-WDB874TZN6FTEJTB,CLI-PL5E6GRD8Q9G,AGT-G9OO88HUR6,CES,SMS,4,,¿El agente resolvió su consulta satisfactoriamente?,5.0,,,¿Volvería a contactarnos por este canal?,3.0,,,19.9,
SRV-X1SV7LWRCURW2GPMMO3J,2025-03-15 21:33:37,2025-03-15,INT-9E10G85Z4YSCE0PX,CLI-QQYUZI907PS6,AGT-3EE5S99BFU,NPS,IVR,6,Detractor,¿Qué tan satisfecho está con el servicio recibido?,1.0,¿El tiempo de espera fue aceptable?,4.0,¿Volvería a contactarnos por este canal?,5.0,Aceptable.,Neutral,6.85,
SRV-W04YZIGQHE1JV74BVWAC,2025-03-16 13:08:18,2025-03-15,INT-26DSG22RTXUWR2ZT,CLI-3PQKQ5SGVIK1,AGT-F46PV6WU87,NPS,App,2,Detractor,¿El agente resolvió su consulta satisfactoriamente?,2.0,,,,,,,32.46,33.16
SRV-L6V1KM10NUQDVSJG20IQ,2025-03-15 17:19:57,2025-03-15,INT-O1HFI0C00IT78S2W,CLI-H1X4ZLGM3PWV,AGT-36I8H8V3IO,NPS,App,6,Detractor,¿El agente resolvió su consulta satisfactoriamente?,2.0,¿El tiempo de espera fue aceptable?,5.0,,,"Normal, sin problemas mayores.",Neutral,19.55,15.6
SRV-MJ8TIFKLE6AJPFMM8TIG,2025-03-17 03:43:55,2025-03-15,INT-1ZSSQFT033YON8S8,CLI-F73XNIKDLI82,AGT-69430CDLET,NPS,SMS,3,Detractor,,,,,¿Volvería a contactarnos por este canal?,5.0,,,29.31,44.68
SRV-EWJINXILOQX8DAHVKJ0B,2025-03-16 04:56:46,2025-03-15,INT-S1MDM9YQ9PUIGPYU,CLI-V8OTCOC9AP9G,AGT-NBQ65Y4VZ9,CSAT,Web,2,,,,,,,,,,16.63,27.71
SRV-RCSZO6UYXH1AIN1E36YJ,2025-03-16 00:09:14,2025-03-15,INT-HQWBBMKOQGGWS7O4,CLI-XA2MF2EBZH5L,AGT-0HSFPWDJF1,CSAT,Web,2,,,,,,¿Volvería a contactarnos por este canal?,5.0,No resolvieron mi problema completamente.,Negative,7.78,25.93
SRV-20MG1M2INLNHSRU7H0M2,2025-03-16 06:45:45,2025-03-15,INT-JXIQ457WCN3ZPZDJ,CLI-UIGY8MRO20FE,AGT-ISFC80OYCB,NPS,IVR,5,Detractor,,,,,¿Volvería a contactarnos por este canal?,3.0,,,7.21,26.86
SRV-KSWJ9GDXCVT717K1PTP9,2025-03-16 12:09:13,2025-03-15,INT-O2PA8223UTBYB36P,CLI-L2V6UFK4VG7P,AGT-ZAL4032JRP,CSAT,SMS,3,,¿Qué tan satisfecho está con el servicio recibido?,,¿El tiempo de espera fue aceptable?,5.0,,,,Negative,28.46,39.73
SRV-MZ2XHXZ5BPR9QR5VY0A7,2025-03-16 17:48:01,2025-03-15,INT-0SF4FUIT4JKC9X2A,CLI-XPQMD4HJNWTO,AGT-R8G56XJJDR,CSAT,App,3,,¿Cómo calificaría la atención brindada?,4.0,,,,,,,22.56,
SRV-XVJFHGTHIC0CQVQGT2AN,2025-03-15 20:43:50,2025-03-15,INT-BNO1922OCT9CMHZA,CLI-H23CTLECXKL8,AGT-DFWMTQOSYP,CSAT,SMS,3,,¿Cómo calificaría la atención brindada?,1.0,,,,,El agente no fue muy claro en sus explicaciones.,Negative,6.49,26.86
SRV-781NVZGDJR528WUU58J9,2025-03-16 11:15:59,2025-03-15,INT-1URT3Z9QNDH6B4W5,CLI-YMPDY1MDTD3G,AGT-PFD0CBGK7V,CSAT,Email,2,,,,¿El tiempo de espera fue aceptable?,2.0,,,Tardaron mucho en atenderme.,Negative,14.84,
SRV-QON80N5SGNU416KXOTD8,2025-03-16 10:29:36,2025-03-15,INT-0AB1JM8D20YL415K,CLI-D9NYI667H2ER,AGT-XBRLAWNT6Y,CSAT,Email,4,,¿Qué tan satisfecho está con el servicio recibido?,2.0,,,,,,Positive,16.99,23.26
SRV-MHPEHLLEL1LEGYGU1KSX,2025-03-16 06:24:19,2025-03-15,INT-LMQ88ZCUYW2QCHT3,CLI-GNWCXCSZJEID,AGT-X49CRHRG9G,CSAT,Web,3,,,,,,,,No estoy satisfecho con la solución.,Negative,11.39,38.05
SRV-BHLP2GXJ7C0XI84YAIM5,2025-03-16 00:48:38,2025-03-15,INT-1WL8O2R49WSNM4QF,CLI-TFB7ZHCOOKQU,AGT-4ZD726MTT0,CES,SMS,2,,,,,,,5.0,,,21.3,19.24
SRV-65FEGISH9DH01CN681PL,2025-03-16 10:40:20,2025-03-15,INT-OXX2VSHPZNAXGCYF,CLI-ICIFYUHPWXOK,AGT-KUIILLCOPA,CSAT,SMS,3,,,,,,,5.0,No resolvieron mi problema completamente.,Negative,21.35,
SRV-5WDZNYR61ZF34TZN4IWI,2025-03-16 07:54:32,2025-03-15,INT-8WT7PH4XNFTCWFNG,CLI-I3GMQYVIMAL3,AGT-YD75PME3W5,CSAT,SMS,2,,¿El agente resolvió su consulta satisfactoriamente?,2.0,¿El tiempo de espera fue aceptable?,5.0,,,No resolvieron mi problema completamente.,Negative,22.31,
SRV-60ROVU8WOKYU2MDJW6A4,2025-03-16 18:48:29,2025-03-15,INT-NG91NX7SUKQM2FHS,CLI-TXJ113UFM4LR,AGT-36I8H8V3IO,NPS,Email,5,Detractor,,,,,,,,,15.29,36.31
SRV-SV21TZ2DY64380AF65R4,2025-03-15 22:03:47,2025-03-15,INT-PE84G8K0UCD06C9B,CLI-UV5WRRUVH3VV,AGT-R0HHTLH7NG,CSAT,Email,1,,¿Qué tan satisfecho está con el servicio recibido?,1.0,,,,,,,17.54,21.42
SRV-0CQSLXCAW56OL3F3JLJH,2025-03-16 16:42:49,2025-03-15,INT-FOVKX14WGTHQ1339,CLI-D80SP0D3JF9D,AGT-FK6MI05PO5,CSAT,IVR,3,,,,¿El tiempo de espera fue aceptable?,1.0,,,No resolvieron mi problema completamente.,,17.55,37.44
SRV-MAZVZNY51FLOZPF5DDY3,2025-03-16 00:22:21,2025-03-15,INT-77MOUTN7FULZDEMD,CLI-GX1H0J2VSSH1,AGT-1EML73X1U8,CES,Email,3,,¿Cómo calificaría la atención brindada?,3.0,¿El tiempo de espera fue aceptable?,1.0,,,No resolvieron mi problema completamente.,Negative,13.74,38.14
SRV-7XFP2K56OFO2HFN6YP2P,2025-03-16 01:27:23,2025-03-15,INT-5PTU9LXXFUU8EOPW,CLI-NBCI65V6M4WK,AGT-XUBJTI8AW5,CSAT,Email,3,,,,¿El tiempo de espera fue aceptable?,1.0,¿Volvería a contactarnos por este canal?,5.0,El agente no fue muy claro en sus explicaciones.,Negative,24.96,18.54
SRV-VA9XEUINA3SYS0JTOPH8,2025-03-15 23:33:11,2025-03-15,INT-9NQH119U07PH1P5H,CLI-A6PXPZ6O5MJR,AGT-8431PDCJHS,CSAT,App,3,,,,,,,,No estoy satisfecho con la solución.,Negative,13.64,
SRV-0Q388AT0GV7QN9QI118D,2025-03-16 10:13:08,2025-03-15,INT-4WMIIG80AFCOJ5NF,CLI-D4AJ1QTL8AXQ,AGT-C8D3C4WFVG,CSAT,SMS,3,,,,¿El tiempo de espera fue aceptable?,5.0,,,,,17.56,18.9
SRV-B784BME8XB7OY8JHMMKC,2025-03-16 21:03:14,2025-03-15,INT-95C25VFGU6AXKCJZ,CLI-5OKCTNHDYADG,AGT-R3A802XCY2,CSAT,SMS,3,,,,¿El tiempo de espera fue aceptable?,2.0,,,,,27.53,36.63
SRV-USWHD0AUM6WIRIVJIFQX,2025-03-16 06:46:13,2025-03-15,INT-GRK493HC0U7E3D4V,CLI-TQCIRU37J5XR,AGT-5RHY2PG248,NPS,Email,7,Passive,¿Cómo calificaría la atención brindada?,4.0,,,,,Aceptable.,Neutral,15.34,27.53
SRV-WC552YOOI1BAHUBFC9OI,2025-03-17 04:18:44,2025-03-15,INT-4AGMP78HDZATQ5GP,CLI-DD4UXM80Z8ML,AGT-QU8T3PNBH6,NPS,SMS,6,Detractor,¿Cómo calificaría la atención brindada?,4.0,,,¿Volvería a contactarnos por este canal?,3.0,,,26.54,
SRV-28M02OB6A05HMKZ6R38V,2025-03-16 00:25:48,2025-03-15,INT-OKY21HRNRX1ECMQT,CLI-WYAYW17LLFLI,AGT-WRFG8F6YNC,CSAT,SMS,4,,¿Qué tan satisfecho está con el servicio recibido?,3.0,¿El tiempo de espera fue aceptable?,5.0,,,El agente fue muy profesional y eficiente.,Positive,5.06,
SRV-VKDU7WJEB7MP0KDT08R2,2025-03-17 05:31:11,2025-03-15,INT-N7N7411AHKW4O6XQ,CLI-9E88E0K87815,AGT-QV4LVAPTDM,NPS,IVR,4,Detractor,¿Cómo calificaría la atención brindada?,2.0,,,¿Volvería a contactarnos por este canal?,5.0,El servicio estuvo bien.,Neutral,34.26,34.39
SRV-7DNB6TQBCKOOJMG7Z62C,2025-03-16 21:04:11,2025-03-15,INT-LWKA0RWGWU94DBZZ,CLI-GECNU751EXXL,AGT-L3EZA710VC,CSAT,App,2,,,,,,,,Tardaron mucho en atenderme.,Negative,16.22,32.84
SRV-JDBQ7NVB2MOI7ET6LZ9C,2025-03-16 10:59:47,2025-03-15,INT-LMGGS48CQTWVSX0W,CLI-3PUA4VSH0MBY,AGT-DBEGJGWYVE,NPS,App,5,Detractor,¿Qué tan satisfecho está con el servicio recibido?,2.0,,,,,,,21.2,21.95
SRV-PIC8G873FZM2N6IP9VLI,2025-03-15 20:54:05,2025-03-15,INT-3UTLCH8K7SAPTRXP,CLI-RLJTNW0DUXU2,AGT-2D9REX8DAW,CSAT,Email,2,,¿El agente resolvió su consulta satisfactoriamente?,1.0,¿El tiempo de espera fue aceptable?,5.0,,4.0,,,3.23,28.64
